url,name,description
https://vip.stock.finance.sina.com.cn//corp/view/vCB_AllBulletinDetail.php?stockid=603157&id=6416030,*ST拉夏,Missing content
https://vip.stock.finance.sina.com.cn//corp/view/vCB_AllBulletinDetail.php?stockid=603157&id=6416030,*ST拉夏,No Toc
https://vip.stock.finance.sina.com.cn//corp/view/vCB_AllBulletinDetail.php?stockid=300209&id=6405226,天泽信息,Section Title Amount does not match.
https://vip.stock.finance.sina.com.cn//corp/view/vCB_AllBulletinDetail.php?stockid=000835&id=6392303,*ST长动,Section Title Amount does not match.
https://vip.stock.finance.sina.com.cn//corp/view/vCB_AllBulletinDetail.php?stockid=000760&id=6387939,*ST斯太,Section Title Amount does not match.
https://vip.stock.finance.sina.com.cn//corp/view/vCB_AllBulletinDetail.php?stockid=601113&id=6382771,ST华鼎,Section Title Amount does not match.
https://vip.stock.finance.sina.com.cn//corp/view/vCB_AllBulletinDetail.php?stockid=601118&id=6365507,海南橡胶,Section Title Amount does not match.
https://vip.stock.finance.sina.com.cn//corp/view/vCB_AllBulletinDetail.php?stockid=002551&id=6366684,尚荣医疗,Section Title Amount does not match.
https://vip.stock.finance.sina.com.cn//corp/view/vCB_AllBulletinDetail.php?stockid=000040&id=6360305,东旭蓝天,Section Title Amount does not match.
https://vip.stock.finance.sina.com.cn//corp/view/vCB_AllBulletinDetail.php?stockid=000837&id=6079530,*ST秦机,Section Title Amount does not match.
https://vip.stock.finance.sina.com.cn//corp/view/vCB_AllBulletinDetail.php?stockid=600995&id=6278119,文山电力,Section Title Amount does not match.
https://vip.stock.finance.sina.com.cn//corp/view/vCB_AllBulletinDetail.php?stockid=001979&id=6071574,招商蛇口,Missing content
https://vip.stock.finance.sina.com.cn//corp/view/vCB_AllBulletinDetail.php?stockid=001979&id=6071574,招商蛇口,No Toc
https://vip.stock.finance.sina.com.cn//corp/view/vCB_AllBulletinDetail.php?stockid=000690&id=6073692,宝新能源,No Toc
https://vip.stock.finance.sina.com.cn//corp/view/vCB_AllBulletinDetail.php?stockid=688357&id=6061026,建龙微纳,Section Title Amount does not match.
https://vip.stock.finance.sina.com.cn//corp/view/vCB_AllBulletinDetail.php?stockid=002945&id=6061640,华林证券,No Toc
https://vip.stock.finance.sina.com.cn//corp/view/vCB_AllBulletinDetail.php?stockid=601798&id=6060407,蓝科高新,Section Title Amount does not match.
https://vip.stock.finance.sina.com.cn//corp/view/vCB_AllBulletinDetail.php?stockid=600976&id=6056712,健民集团,Section Title Amount does not match.
https://vip.stock.finance.sina.com.cn//corp/view/vCB_AllBulletinDetail.php?stockid=600059&id=6052980,古越龙山,Section Title Amount does not match.
https://vip.stock.finance.sina.com.cn//corp/view/vCB_AllBulletinDetail.php?stockid=000530&id=6058645,冰山冷热,Missing content
https://vip.stock.finance.sina.com.cn//corp/view/vCB_AllBulletinDetail.php?stockid=000530&id=6058645,冰山冷热,No Toc
https://vip.stock.finance.sina.com.cn//corp/view/vCB_AllBulletinDetail.php?stockid=600547&id=6321131,山东黄金,Missing content
https://vip.stock.finance.sina.com.cn//corp/view/vCB_AllBulletinDetail.php?stockid=600547&id=6321131,山东黄金,No Toc
https://vip.stock.finance.sina.com.cn//corp/view/vCB_AllBulletinDetail.php?stockid=600015&id=6046567,华夏银行,Section Title Amount does not match.
https://vip.stock.finance.sina.com.cn//corp/view/vCB_AllBulletinDetail.php?stockid=300378&id=6051115,鼎捷软件,Section Title Amount does not match.
https://vip.stock.finance.sina.com.cn//corp/view/vCB_AllBulletinDetail.php?stockid=601727&id=6175005,上海电气,Missing content
https://vip.stock.finance.sina.com.cn//corp/view/vCB_AllBulletinDetail.php?stockid=601727&id=6175005,上海电气,No Toc
https://vip.stock.finance.sina.com.cn//corp/view/vCB_AllBulletinDetail.php?stockid=002945&id=6061640,华林证券,No Toc
https://vip.stock.finance.sina.com.cn//corp/view/vCB_AllBulletinDetail.php?stockid=001872&id=6044684,招商港口,No Toc
https://vip.stock.finance.sina.com.cn//corp/view/vCB_AllBulletinDetail.php?stockid=600693&id=6031870,东百集团,Section Title Amount does not match.
https://vip.stock.finance.sina.com.cn//corp/view/vCB_AllBulletinDetail.php?stockid=002329&id=6036102,皇氏集团,Section Title Amount does not match.
https://vip.stock.finance.sina.com.cn//corp/view/vCB_AllBulletinDetail.php?stockid=002019&id=6037615,亿帆医药,Section Title Amount does not match.
https://vip.stock.finance.sina.com.cn//corp/view/vCB_AllBulletinDetail.php?stockid=600795&id=6332077,国电电力,Section Title Amount does not match.
https://vip.stock.finance.sina.com.cn//corp/view/vCB_AllBulletinDetail.php?stockid=600089&id=6030112,特变电工,Section Title Amount does not match.
https://vip.stock.finance.sina.com.cn//corp/view/vCB_AllBulletinDetail.php?stockid=300240&id=6026538,飞力达,Section Title Amount does not match.
https://vip.stock.finance.sina.com.cn//corp/view/vCB_AllBulletinDetail.php?stockid=000830&id=6028389,鲁西化工,Section Title Amount does not match.
https://vip.stock.finance.sina.com.cn//corp/view/vCB_AllBulletinDetail.php?stockid=603885&id=6024838,吉祥航空,No Toc
https://vip.stock.finance.sina.com.cn//corp/view/vCB_AllBulletinDetail.php?stockid=600919&id=6023759,江苏银行,Section Title Amount does not match.
https://vip.stock.finance.sina.com.cn//corp/view/vCB_AllBulletinDetail.php?stockid=688166&id=6017279,博瑞医药,Section Title Amount does not match.
https://vip.stock.finance.sina.com.cn//corp/view/vCB_AllBulletinDetail.php?stockid=001872&id=6044684,招商港口,No Toc
https://vip.stock.finance.sina.com.cn//corp/view/vCB_AllBulletinDetail.php?stockid=600138&id=6016528,中青旅,Section Title Amount does not match.
https://vip.stock.finance.sina.com.cn//corp/view/vCB_AllBulletinDetail.php?stockid=002292&id=6019244,奥飞娱乐,Missing content
https://vip.stock.finance.sina.com.cn//corp/view/vCB_AllBulletinDetail.php?stockid=002292&id=6019244,奥飞娱乐,No Toc
https://vip.stock.finance.sina.com.cn//corp/view/vCB_AllBulletinDetail.php?stockid=300534&id=6012141,陇神戎发,Section Title Amount does not match.
https://vip.stock.finance.sina.com.cn//corp/view/vCB_AllBulletinDetail.php?stockid=002449&id=6011845,国星光电,Section Title Amount does not match.
https://vip.stock.finance.sina.com.cn//corp/view/vCB_AllBulletinDetail.php?stockid=002248&id=5996912,华东数控,Section Title Amount does not match.
https://vip.stock.finance.sina.com.cn//corp/view/vCB_AllBulletinDetail.php?stockid=002673&id=5994757,西部证券,Section Title Amount does not match.
https://vip.stock.finance.sina.com.cn//corp/view/vCB_AllBulletinDetail.php?stockid=000617&id=5994278,中油资本,No Toc
https://vip.stock.finance.sina.com.cn//corp/view/vCB_AllBulletinDetail.php?stockid=601598&id=5991189,中国外运,No Toc
https://vip.stock.finance.sina.com.cn//corp/view/vCB_AllBulletinDetail.php?stockid=601238&id=6155650,广汽集团,Missing content
https://vip.stock.finance.sina.com.cn//corp/view/vCB_AllBulletinDetail.php?stockid=601238&id=6155650,广汽集团,No Toc
https://vip.stock.finance.sina.com.cn//corp/view/vCB_AllBulletinDetail.php?stockid=600332&id=5990705,白云山,No Toc
https://vip.stock.finance.sina.com.cn//corp/view/vCB_AllBulletinDetail.php?stockid=600320&id=6459710,振华重工,No Toc
https://vip.stock.finance.sina.com.cn//corp/view/vCB_AllBulletinDetail.php?stockid=600115&id=6123031,东方航空,Missing content
https://vip.stock.finance.sina.com.cn//corp/view/vCB_AllBulletinDetail.php?stockid=600115&id=6123031,东方航空,No Toc
https://vip.stock.finance.sina.com.cn//corp/view/vCB_AllBulletinDetail.php?stockid=600011&id=6068525,华能国际,Missing content
https://vip.stock.finance.sina.com.cn//corp/view/vCB_AllBulletinDetail.php?stockid=600011&id=6068525,华能国际,No Toc
https://vip.stock.finance.sina.com.cn//corp/view/vCB_AllBulletinDetail.php?stockid=603609&id=6427070,禾丰牧业,No Toc
https://vip.stock.finance.sina.com.cn//corp/view/vCB_AllBulletinDetail.php?stockid=601688&id=5986114,华泰证券,No Toc
https://vip.stock.finance.sina.com.cn//corp/view/vCB_AllBulletinDetail.php?stockid=601390&id=5984923,中国中铁,Section Title Amount does not match.
https://vip.stock.finance.sina.com.cn//corp/view/vCB_AllBulletinDetail.php?stockid=601333&id=5983424,广深铁路,Section Title Amount does not match.
https://vip.stock.finance.sina.com.cn//corp/view/vCB_AllBulletinDetail.php?stockid=601288&id=5984218,农业银行,Section Title Amount does not match.
https://vip.stock.finance.sina.com.cn//corp/view/vCB_AllBulletinDetail.php?stockid=601186&id=5984247,中国铁建,Section Title Amount does not match.
https://vip.stock.finance.sina.com.cn//corp/view/vCB_AllBulletinDetail.php?stockid=601068&id=5983760,中铝国际,Section Title Amount does not match.
https://vip.stock.finance.sina.com.cn//corp/view/vCB_AllBulletinDetail.php?stockid=600808&id=5982867,马钢股份,Section Title Amount does not match.
https://vip.stock.finance.sina.com.cn//corp/view/vCB_AllBulletinDetail.php?stockid=600528&id=5986290,中铁工业,Section Title Amount does not match.
https://vip.stock.finance.sina.com.cn//corp/view/vCB_AllBulletinDetail.php?stockid=600362&id=5986576,江西铜业,Missing content
https://vip.stock.finance.sina.com.cn//corp/view/vCB_AllBulletinDetail.php?stockid=600362&id=5986576,江西铜业,No Toc
https://vip.stock.finance.sina.com.cn//corp/view/vCB_AllBulletinDetail.php?stockid=600066&id=5982424,宇通客车,Section Title Amount does not match.
https://vip.stock.finance.sina.com.cn//corp/view/vCB_AllBulletinDetail.php?stockid=600029&id=5983100,南方航空,Section Title Amount does not match.
https://vip.stock.finance.sina.com.cn//corp/view/vCB_AllBulletinDetail.php?stockid=600021&id=5978955,上海电力,Section Title Amount does not match.
https://vip.stock.finance.sina.com.cn//corp/view/vCB_AllBulletinDetail.php?stockid=300188&id=5985204,美亚柏科,Section Title Amount does not match.
https://vip.stock.finance.sina.com.cn//corp/view/vCB_AllBulletinDetail.php?stockid=002936&id=5985596,郑州银行,No Toc
https://vip.stock.finance.sina.com.cn//corp/view/vCB_AllBulletinDetail.php?stockid=002312&id=5980997,三泰控股,Section Title Amount does not match.
https://vip.stock.finance.sina.com.cn//corp/view/vCB_AllBulletinDetail.php?stockid=002152&id=5983198,广电运通,Section Title Amount does not match.
https://vip.stock.finance.sina.com.cn//corp/view/vCB_AllBulletinDetail.php?stockid=002140&id=5983364,东华科技,Section Title Amount does not match.
https://vip.stock.finance.sina.com.cn//corp/view/vCB_AllBulletinDetail.php?stockid=000779&id=5982512,甘咨询,Section Title Amount does not match.
https://vip.stock.finance.sina.com.cn//corp/view/vCB_AllBulletinDetail.php?stockid=688278&id=5977690,特宝生物,Section Title Amount does not match.
https://vip.stock.finance.sina.com.cn//corp/view/vCB_AllBulletinDetail.php?stockid=601939&id=6188242,建设银行,Missing content
https://vip.stock.finance.sina.com.cn//corp/view/vCB_AllBulletinDetail.php?stockid=601939&id=6188242,建设银行,No Toc
https://vip.stock.finance.sina.com.cn//corp/view/vCB_AllBulletinDetail.php?stockid=601916&id=5977868,浙商银行,No Toc
https://vip.stock.finance.sina.com.cn//corp/view/vCB_AllBulletinDetail.php?stockid=000428&id=5978144,华天酒店,Section Title Amount does not match.
https://vip.stock.finance.sina.com.cn//corp/view/vCB_AllBulletinDetail.php?stockid=601988&id=5976911,中国银行,Missing content
https://vip.stock.finance.sina.com.cn//corp/view/vCB_AllBulletinDetail.php?stockid=601988&id=5976911,中国银行,No Toc
https://vip.stock.finance.sina.com.cn//corp/view/vCB_AllBulletinDetail.php?stockid=601881&id=5977574,中国银河,Section Title Amount does not match.
https://vip.stock.finance.sina.com.cn//corp/view/vCB_AllBulletinDetail.php?stockid=601818&id=5975478,光大银行,No Toc
https://vip.stock.finance.sina.com.cn//corp/view/vCB_AllBulletinDetail.php?stockid=601398&id=6125101,工商银行,Missing content
https://vip.stock.finance.sina.com.cn//corp/view/vCB_AllBulletinDetail.php?stockid=601398&id=6125101,工商银行,No Toc
https://vip.stock.finance.sina.com.cn//corp/view/vCB_AllBulletinDetail.php?stockid=601328&id=6080973,交通银行,Missing content
https://vip.stock.finance.sina.com.cn//corp/view/vCB_AllBulletinDetail.php?stockid=601328&id=6080973,交通银行,No Toc
https://vip.stock.finance.sina.com.cn//corp/view/vCB_AllBulletinDetail.php?stockid=601319&id=5977226,中国人保,Missing content
https://vip.stock.finance.sina.com.cn//corp/view/vCB_AllBulletinDetail.php?stockid=601319&id=5977226,中国人保,No Toc
https://vip.stock.finance.sina.com.cn//corp/view/vCB_AllBulletinDetail.php?stockid=601088&id=5975927,中国神华,Section Title Amount does not match.
https://vip.stock.finance.sina.com.cn//corp/view/vCB_AllBulletinDetail.php?stockid=600999&id=5977644,招商证券,Section Title Amount does not match.
https://vip.stock.finance.sina.com.cn//corp/view/vCB_AllBulletinDetail.php?stockid=600875&id=5975364,东方电气,Section Title Amount does not match.
https://vip.stock.finance.sina.com.cn//corp/view/vCB_AllBulletinDetail.php?stockid=600860&id=5974508,*ST京城,Section Title Amount does not match.
https://vip.stock.finance.sina.com.cn//corp/view/vCB_AllBulletinDetail.php?stockid=600685&id=5973618,中船防务,Section Title Amount does not match.
https://vip.stock.finance.sina.com.cn//corp/view/vCB_AllBulletinDetail.php?stockid=000488&id=5976095,晨鸣纸业,No Toc
https://vip.stock.finance.sina.com.cn//corp/view/vCB_AllBulletinDetail.php?stockid=000166&id=5977315,申万宏源,Section Title Amount does not match.
https://vip.stock.finance.sina.com.cn//corp/view/vCB_AllBulletinDetail.php?stockid=601998&id=5970419,中信银行,Section Title Amount does not match.
https://vip.stock.finance.sina.com.cn//corp/view/vCB_AllBulletinDetail.php?stockid=601298&id=6103674,青岛港,Missing content
https://vip.stock.finance.sina.com.cn//corp/view/vCB_AllBulletinDetail.php?stockid=601298&id=6103674,青岛港,No Toc
https://vip.stock.finance.sina.com.cn//corp/view/vCB_AllBulletinDetail.php?stockid=600837&id=5969720,海通证券,Section Title Amount does not match.
https://vip.stock.finance.sina.com.cn//corp/view/vCB_AllBulletinDetail.php?stockid=000680&id=5970952,山推股份,Section Title Amount does not match.
https://vip.stock.finance.sina.com.cn//corp/view/vCB_AllBulletinDetail.php?stockid=000039&id=5971270,中集集团,Section Title Amount does not match.
https://vip.stock.finance.sina.com.cn//corp/view/vCB_AllBulletinDetail.php?stockid=601658&id=5964207,邮储银行,Section Title Amount does not match.
https://vip.stock.finance.sina.com.cn//corp/view/vCB_AllBulletinDetail.php?stockid=002352&id=5959934,顺丰控股,Section Title Amount does not match.
https://vip.stock.finance.sina.com.cn//corp/view/vCB_AllBulletinDetail.php?stockid=000600&id=5958279,建投能源,Missing content
https://vip.stock.finance.sina.com.cn//corp/view/vCB_AllBulletinDetail.php?stockid=000600&id=5958279,建投能源,No Toc
https://vip.stock.finance.sina.com.cn//corp/view/vCB_AllBulletinDetail.php?stockid=000099&id=5956982,中信海直,Section Title Amount does not match.
https://vip.stock.finance.sina.com.cn//corp/view/vCB_AllBulletinDetail.php?stockid=601899&id=5955463,紫金矿业,Section Title Amount does not match.
https://vip.stock.finance.sina.com.cn//corp/view/vCB_AllBulletinDetail.php?stockid=600585&id=5953378,海螺水泥,No Toc
https://vip.stock.finance.sina.com.cn//corp/view/vCB_AllBulletinDetail.php?stockid=600036&id=5954970,招商银行,Missing content
https://vip.stock.finance.sina.com.cn//corp/view/vCB_AllBulletinDetail.php?stockid=600036&id=5954970,招商银行,No Toc
https://vip.stock.finance.sina.com.cn//corp/view/vCB_AllBulletinDetail.php?stockid=002948&id=6127991,青岛银行,No Toc
https://vip.stock.finance.sina.com.cn//corp/view/vCB_AllBulletinDetail.php?stockid=000877&id=5955623,天山股份,Section Title Amount does not match.
https://vip.stock.finance.sina.com.cn//corp/view/vCB_AllBulletinDetail.php?stockid=600030&id=5950922,中信证券,Missing content
https://vip.stock.finance.sina.com.cn//corp/view/vCB_AllBulletinDetail.php?stockid=600030&id=5950922,中信证券,No Toc
https://vip.stock.finance.sina.com.cn//corp/view/vCB_AllBulletinDetail.php?stockid=002736&id=5952186,国信证券,Section Title Amount does not match.
https://vip.stock.finance.sina.com.cn//corp/view/vCB_AllBulletinDetail.php?stockid=000011&id=5945088,深物业A,No Toc
https://vip.stock.finance.sina.com.cn//corp/view/vCB_AllBulletinDetail.php?stockid=000868&id=5942918,ST安凯,Section Title Amount does not match.
https://vip.stock.finance.sina.com.cn//corp/view/vCB_AllBulletinDetail.php?stockid=002135&id=5936626,东南网架,Section Title Amount does not match.
https://vip.stock.finance.sina.com.cn//corp/view/vCB_AllBulletinDetail.php?stockid=000060&id=5928880,中金岭南,No Toc
https://vip.stock.finance.sina.com.cn//corp/view/vCB_AllBulletinDetail.php?stockid=601318&id=5900794,中国平安,No Toc
https://vip.stock.finance.sina.com.cn//corp/view/vCB_AllBulletinDetail.php?stockid=000001&id=5892920,平安银行,No Toc
https://vip.stock.finance.sina.com.cn//corp/view/vCB_AllBulletinDetail.php?stockid=600256&id=6313044,广汇能源,Section Title Amount does not match.
https://vip.stock.finance.sina.com.cn//corp/view/vCB_AllBulletinDetail.php?stockid=601019&id=6231809,山东出版,Section Title Amount does not match.
https://vip.stock.finance.sina.com.cn//corp/view/vCB_AllBulletinDetail.php?stockid=601009&id=6232314,南京银行,No Toc
https://vip.stock.finance.sina.com.cn//corp/view/vCB_AllBulletinDetail.php?stockid=600885&id=6211191,宏发股份,Section Title Amount does not match.
https://vip.stock.finance.sina.com.cn//corp/view/vCB_AllBulletinDetail.php?stockid=600843&id=6230280,上工申贝,Section Title Amount does not match.
https://vip.stock.finance.sina.com.cn//corp/view/vCB_AllBulletinDetail.php?stockid=600771&id=6231391,广誉远,Section Title Amount does not match.
https://vip.stock.finance.sina.com.cn//corp/view/vCB_AllBulletinDetail.php?stockid=600020&id=6207593,中原高速,Section Title Amount does not match.
https://vip.stock.finance.sina.com.cn//corp/view/vCB_AllBulletinDetail.php?stockid=002649&id=6212044,博彦科技,Section Title Amount does not match.
https://vip.stock.finance.sina.com.cn//corp/view/vCB_AllBulletinDetail.php?stockid=002637&id=6224580,赞宇科技,Missing content
https://vip.stock.finance.sina.com.cn//corp/view/vCB_AllBulletinDetail.php?stockid=002637&id=6224580,赞宇科技,No Toc
https://vip.stock.finance.sina.com.cn//corp/view/vCB_AllBulletinDetail.php?stockid=002527&id=6212255,新时达,Section Title Amount does not match.
https://vip.stock.finance.sina.com.cn//corp/view/vCB_AllBulletinDetail.php?stockid=002468&id=6221482,申通快递,Section Title Amount does not match.
https://vip.stock.finance.sina.com.cn//corp/view/vCB_AllBulletinDetail.php?stockid=000709&id=6459271,河钢股份,No Toc
https://vip.stock.finance.sina.com.cn//corp/view/vCB_AllBulletinDetail.php?stockid=000506&id=6220490,中润资源,Missing content
https://vip.stock.finance.sina.com.cn//corp/view/vCB_AllBulletinDetail.php?stockid=000506&id=6220490,中润资源,No Toc
https://vip.stock.finance.sina.com.cn//corp/view/vCB_AllBulletinDetail.php?stockid=600446&id=6175588,金证股份,Section Title Amount does not match.
https://vip.stock.finance.sina.com.cn//corp/view/vCB_AllBulletinDetail.php?stockid=600233&id=6177241,圆通速递,Missing content
https://vip.stock.finance.sina.com.cn//corp/view/vCB_AllBulletinDetail.php?stockid=600233&id=6177241,圆通速递,No Toc
https://vip.stock.finance.sina.com.cn//corp/view/vCB_AllBulletinDetail.php?stockid=300527&id=6168458,中船应急,Section Title Amount does not match.
https://vip.stock.finance.sina.com.cn//corp/view/vCB_AllBulletinDetail.php?stockid=300004&id=6179963,南风股份,Section Title Amount does not match.
https://vip.stock.finance.sina.com.cn//corp/view/vCB_AllBulletinDetail.php?stockid=002556&id=6174774,辉隆股份,Section Title Amount does not match.
https://vip.stock.finance.sina.com.cn//corp/view/vCB_AllBulletinDetail.php?stockid=002544&id=6194600,杰赛科技,Section Title Amount does not match.
https://vip.stock.finance.sina.com.cn//corp/view/vCB_AllBulletinDetail.php?stockid=002505&id=6194753,大康农业,Section Title Amount does not match.
https://vip.stock.finance.sina.com.cn//corp/view/vCB_AllBulletinDetail.php?stockid=002169&id=6167852,智光电气,Section Title Amount does not match.
https://vip.stock.finance.sina.com.cn//corp/view/vCB_AllBulletinDetail.php?stockid=002068&id=6191756,黑猫股份,Section Title Amount does not match.
https://vip.stock.finance.sina.com.cn//corp/view/vCB_AllBulletinDetail.php?stockid=000023&id=6181226,深天地A,Section Title Amount does not match.
https://vip.stock.finance.sina.com.cn//corp/view/vCB_AllBulletinDetail.php?stockid=600967&id=6137963,内蒙一机,Section Title Amount does not match.
https://vip.stock.finance.sina.com.cn//corp/view/vCB_AllBulletinDetail.php?stockid=600706&id=6287287,曲江文旅,Missing content
https://vip.stock.finance.sina.com.cn//corp/view/vCB_AllBulletinDetail.php?stockid=600706&id=6287287,曲江文旅,No Toc
https://vip.stock.finance.sina.com.cn//corp/view/vCB_AllBulletinDetail.php?stockid=600606&id=6143020,绿地控股,Section Title Amount does not match.
https://vip.stock.finance.sina.com.cn//corp/view/vCB_AllBulletinDetail.php?stockid=600581&id=6133587,八一钢铁,Section Title Amount does not match.
https://vip.stock.finance.sina.com.cn//corp/view/vCB_AllBulletinDetail.php?stockid=600220&id=6133651,江苏阳光,Section Title Amount does not match.
https://vip.stock.finance.sina.com.cn//corp/view/vCB_AllBulletinDetail.php?stockid=600158&id=6147326,中体产业,Section Title Amount does not match.
https://vip.stock.finance.sina.com.cn//corp/view/vCB_AllBulletinDetail.php?stockid=600111&id=6147338,北方稀土,Section Title Amount does not match.
https://vip.stock.finance.sina.com.cn//corp/view/vCB_AllBulletinDetail.php?stockid=300589&id=6144332,江龙船艇,Section Title Amount does not match.
https://vip.stock.finance.sina.com.cn//corp/view/vCB_AllBulletinDetail.php?stockid=300512&id=6155376,中亚股份,Section Title Amount does not match.
https://vip.stock.finance.sina.com.cn//corp/view/vCB_AllBulletinDetail.php?stockid=300450&id=6153573,先导智能,Section Title Amount does not match.
https://vip.stock.finance.sina.com.cn//corp/view/vCB_AllBulletinDetail.php?stockid=002928&id=6160794,华夏航空,No Toc
https://vip.stock.finance.sina.com.cn//corp/view/vCB_AllBulletinDetail.php?stockid=002889&id=6161243,东方嘉盛,No Toc
https://vip.stock.finance.sina.com.cn//corp/view/vCB_AllBulletinDetail.php?stockid=002822&id=6159678,中装建设,Section Title Amount does not match.
https://vip.stock.finance.sina.com.cn//corp/view/vCB_AllBulletinDetail.php?stockid=002611&id=6340817,东方精工,No Toc
https://vip.stock.finance.sina.com.cn//corp/view/vCB_AllBulletinDetail.php?stockid=002246&id=6160682,北化股份,Section Title Amount does not match.
https://vip.stock.finance.sina.com.cn//corp/view/vCB_AllBulletinDetail.php?stockid=002104&id=6159454,恒宝股份,Section Title Amount does not match.
https://vip.stock.finance.sina.com.cn//corp/view/vCB_AllBulletinDetail.php?stockid=002061&id=6149539,浙江交科,Section Title Amount does not match.
https://vip.stock.finance.sina.com.cn//corp/view/vCB_AllBulletinDetail.php?stockid=000703&id=6334031,恒逸石化,Missing content
https://vip.stock.finance.sina.com.cn//corp/view/vCB_AllBulletinDetail.php?stockid=000703&id=6334031,恒逸石化,No Toc
https://vip.stock.finance.sina.com.cn//corp/view/vCB_AllBulletinDetail.php?stockid=000659&id=6152887,珠海中富,Section Title Amount does not match.
https://vip.stock.finance.sina.com.cn//corp/view/vCB_AllBulletinDetail.php?stockid=000607&id=6135514,华媒控股,Section Title Amount does not match.
https://vip.stock.finance.sina.com.cn//corp/view/vCB_AllBulletinDetail.php?stockid=603810&id=6129600,丰山集团,Section Title Amount does not match.
https://vip.stock.finance.sina.com.cn//corp/view/vCB_AllBulletinDetail.php?stockid=002958&id=6130521,青农商行,Section Title Amount does not match.
https://vip.stock.finance.sina.com.cn//corp/view/vCB_AllBulletinDetail.php?stockid=002941&id=6130100,新疆交建,Section Title Amount does not match.
https://vip.stock.finance.sina.com.cn//corp/view/vCB_AllBulletinDetail.php?stockid=000700&id=6130596,模塑科技,Section Title Amount does not match.
https://vip.stock.finance.sina.com.cn//corp/view/vCB_AllBulletinDetail.php?stockid=603966&id=6125353,法兰泰克,No Toc
https://vip.stock.finance.sina.com.cn//corp/view/vCB_AllBulletinDetail.php?stockid=603458&id=6119699,勘设股份,Section Title Amount does not match.
https://vip.stock.finance.sina.com.cn//corp/view/vCB_AllBulletinDetail.php?stockid=601668&id=6124179,中国建筑,Section Title Amount does not match.
https://vip.stock.finance.sina.com.cn//corp/view/vCB_AllBulletinDetail.php?stockid=601229&id=6123859,上海银行,No Toc
https://vip.stock.finance.sina.com.cn//corp/view/vCB_AllBulletinDetail.php?stockid=600000&id=6121764,浦发银行,Section Title Amount does not match.
https://vip.stock.finance.sina.com.cn//corp/view/vCB_AllBulletinDetail.php?stockid=300678&id=6126453,中科信息,Section Title Amount does not match.
https://vip.stock.finance.sina.com.cn//corp/view/vCB_AllBulletinDetail.php?stockid=300440&id=6121850,运达科技,Section Title Amount does not match.
https://vip.stock.finance.sina.com.cn//corp/view/vCB_AllBulletinDetail.php?stockid=300177&id=6128173,中海达,Section Title Amount does not match.
https://vip.stock.finance.sina.com.cn//corp/view/vCB_AllBulletinDetail.php?stockid=601117&id=6104093,中国化学,Missing content
https://vip.stock.finance.sina.com.cn//corp/view/vCB_AllBulletinDetail.php?stockid=601117&id=6104093,中国化学,No Toc
https://vip.stock.finance.sina.com.cn//corp/view/vCB_AllBulletinDetail.php?stockid=300597&id=6105264,吉大通信,Section Title Amount does not match.
https://vip.stock.finance.sina.com.cn//corp/view/vCB_AllBulletinDetail.php?stockid=300308&id=6106556,中际旭创,Section Title Amount does not match.
https://vip.stock.finance.sina.com.cn//corp/view/vCB_AllBulletinDetail.php?stockid=300048&id=6104266,合康新能,Section Title Amount does not match.
https://vip.stock.finance.sina.com.cn//corp/view/vCB_AllBulletinDetail.php?stockid=000778&id=6108846,新兴铸管,Section Title Amount does not match.
https://vip.stock.finance.sina.com.cn//corp/view/vCB_AllBulletinDetail.php?stockid=000032&id=6102011,深桑达A,Section Title Amount does not match.
https://vip.stock.finance.sina.com.cn//corp/view/vCB_AllBulletinDetail.php?stockid=600188&id=6092238,兖州煤业,Missing content
https://vip.stock.finance.sina.com.cn//corp/view/vCB_AllBulletinDetail.php?stockid=600188&id=6092238,兖州煤业,No Toc
https://vip.stock.finance.sina.com.cn//corp/view/vCB_AllBulletinDetail.php?stockid=300523&id=6095055,辰安科技,Section Title Amount does not match.
https://vip.stock.finance.sina.com.cn//corp/view/vCB_AllBulletinDetail.php?stockid=300041&id=6094594,回天新材,Section Title Amount does not match.
https://vip.stock.finance.sina.com.cn//corp/view/vCB_AllBulletinDetail.php?stockid=002672&id=6093835,东江环保,Section Title Amount does not match.
https://vip.stock.finance.sina.com.cn//corp/view/vCB_AllBulletinDetail.php?stockid=002394&id=6094943,联发股份,Section Title Amount does not match.
https://vip.stock.finance.sina.com.cn//corp/view/vCB_AllBulletinDetail.php?stockid=600928&id=6082106,西安银行,Section Title Amount does not match.
https://vip.stock.finance.sina.com.cn//corp/view/vCB_AllBulletinDetail.php?stockid=002808&id=6082516,恒久科技,Section Title Amount does not match.
https://vip.stock.finance.sina.com.cn//corp/view/vCB_AllBulletinDetail.php?stockid=002451&id=6082755,摩恩电气,Section Title Amount does not match.
https://vip.stock.finance.sina.com.cn//corp/view/vCB_AllBulletinDetail.php?stockid=002230&id=6084161,科大讯飞,No Toc
https://vip.stock.finance.sina.com.cn//corp/view/vCB_AllBulletinDetail.php?stockid=002051&id=6083514,中工国际,Section Title Amount does not match.
