url,name,year,description
https://vip.stock.finance.sina.com.cn//corp/view/vCB_AllBulletinDetail.php?stockid=000088&id=5147601,盐田港,2018,Toc incomplete
https://vip.stock.finance.sina.com.cn//corp/view/vCB_AllBulletinDetail.php?stockid=000088&id=5147601,盐田港,2018,Section Title Amount does not match.
https://vip.stock.finance.sina.com.cn//corp/view/vCB_AllBulletinDetail.php?stockid=000088&id=5147601,盐田港,2018,Toc incomplete
https://vip.stock.finance.sina.com.cn//corp/view/vCB_AllBulletinDetail.php?stockid=000088&id=5147601,盐田港,2018,Section Title Amount does not match.
https://vip.stock.finance.sina.com.cn//corp/view/vCB_AllBulletinDetail.php?stockid=000088&id=5147601,盐田港,2018,Toc incomplete
https://vip.stock.finance.sina.com.cn//corp/view/vCB_AllBulletinDetail.php?stockid=000088&id=5147601,盐田港,2018,Section Title Amount does not match.
https://vip.stock.finance.sina.com.cn//corp/view/vCB_AllBulletinDetail.php?stockid=000088&id=5147601,盐田港,2018,Toc incomplete
https://vip.stock.finance.sina.com.cn//corp/view/vCB_AllBulletinDetail.php?stockid=000088&id=5147601,盐田港,2018,Section Title Amount does not match.
https://vip.stock.finance.sina.com.cn//corp/view/vCB_AllBulletinDetail.php?stockid=000088&id=5147601,盐田港,2018,Toc incomplete
https://vip.stock.finance.sina.com.cn//corp/view/vCB_AllBulletinDetail.php?stockid=000088&id=5147601,盐田港,2018,Section Title Amount does not match.
https://vip.stock.finance.sina.com.cn//corp/view/vCB_AllBulletinDetail.php?stockid=000088&id=5147601,盐田港,2018,Toc incomplete
https://vip.stock.finance.sina.com.cn//corp/view/vCB_AllBulletinDetail.php?stockid=000088&id=5147601,盐田港,2018,Section Title Amount does not match.
https://vip.stock.finance.sina.com.cn//corp/view/vCB_AllBulletinDetail.php?stockid=000088&id=5147601,盐田港,2018,Toc incomplete
https://vip.stock.finance.sina.com.cn//corp/view/vCB_AllBulletinDetail.php?stockid=000088&id=5147601,盐田港,2018,Section Title Amount does not match.
https://vip.stock.finance.sina.com.cn//corp/view/vCB_AllBulletinDetail.php?stockid=000088&id=5147601,盐田港,2018,Toc incomplete
https://vip.stock.finance.sina.com.cn//corp/view/vCB_AllBulletinDetail.php?stockid=000088&id=5147601,盐田港,2018,Section Title Amount does not match.
https://vip.stock.finance.sina.com.cn//corp/view/vCB_AllBulletinDetail.php?stockid=000088&id=5147601,盐田港,2018,Toc incomplete
https://vip.stock.finance.sina.com.cn//corp/view/vCB_AllBulletinDetail.php?stockid=000088&id=5147601,盐田港,2018,Section Title Amount does not match.
https://vip.stock.finance.sina.com.cn//corp/view/vCB_AllBulletinDetail.php?stockid=300718&id=5226261,长盛轴承,2018,Section Title Amount does not match.
https://vip.stock.finance.sina.com.cn//corp/view/vCB_AllBulletinDetail.php?stockid=300152&id=5288173,科融环境,2018,Toc incomplete
https://vip.stock.finance.sina.com.cn//corp/view/vCB_AllBulletinDetail.php?stockid=000018&id=5334664,神城A退,2018,No Toc
https://vip.stock.finance.sina.com.cn//corp/view/vCB_AllBulletinDetail.php?stockid=000158&id=5317024,常山北明,2018,Toc incomplete
https://vip.stock.finance.sina.com.cn//corp/view/vCB_AllBulletinDetail.php?stockid=000158&id=5317024,常山北明,2018,Section Title Amount does not match.
https://vip.stock.finance.sina.com.cn//corp/view/vCB_AllBulletinDetail.php?stockid=600572&id=5263309,康恩贝,2018,Section Title Amount does not match.
https://vip.stock.finance.sina.com.cn//corp/view/vCB_AllBulletinDetail.php?stockid=601113&id=5280384,ST华鼎,2018,Section Title Amount does not match.
https://vip.stock.finance.sina.com.cn//corp/view/vCB_AllBulletinDetail.php?stockid=000911&id=5149485,南宁糖业,2018,Toc incomplete
https://vip.stock.finance.sina.com.cn//corp/view/vCB_AllBulletinDetail.php?stockid=002667&id=5248996,鞍重股份,2018,Missing content
https://vip.stock.finance.sina.com.cn//corp/view/vCB_AllBulletinDetail.php?stockid=002667&id=5248996,鞍重股份,2018,No Toc
https://vip.stock.finance.sina.com.cn//corp/view/vCB_AllBulletinDetail.php?stockid=603603&id=5212156,博天环境,2018,Section Title Amount does not match.
https://vip.stock.finance.sina.com.cn//corp/view/vCB_AllBulletinDetail.php?stockid=600086&id=5335121,*ST金钰,2018,Section Title Amount does not match.
https://vip.stock.finance.sina.com.cn//corp/view/vCB_AllBulletinDetail.php?stockid=000687&id=5289554,*ST华讯,2018,Section Title Amount does not match.
https://vip.stock.finance.sina.com.cn//corp/view/vCB_AllBulletinDetail.php?stockid=002504&id=5246134,弘高创意,2018,Toc incomplete
https://vip.stock.finance.sina.com.cn//corp/view/vCB_AllBulletinDetail.php?stockid=002504&id=5246134,弘高创意,2018,Section Title Amount does not match.
https://vip.stock.finance.sina.com.cn//corp/view/vCB_AllBulletinDetail.php?stockid=603169&id=5179313,兰石重装,2018,Section Title Amount does not match.
https://vip.stock.finance.sina.com.cn//corp/view/vCB_AllBulletinDetail.php?stockid=600706&id=5220411,曲江文旅,2018,Section Title Amount does not match.
https://vip.stock.finance.sina.com.cn//corp/view/vCB_AllBulletinDetail.php?stockid=000100&id=5096513,TCL科技,2018,Section Title Amount does not match.
https://vip.stock.finance.sina.com.cn//corp/view/vCB_AllBulletinDetail.php?stockid=300738&id=5121523,奥飞数据,2018,Section Title Amount does not match.
https://vip.stock.finance.sina.com.cn//corp/view/vCB_AllBulletinDetail.php?stockid=000752&id=5333856,*ST西发,2018,Section Title Amount does not match.
https://vip.stock.finance.sina.com.cn//corp/view/vCB_AllBulletinDetail.php?stockid=603025&id=5095053,大豪科技,2018,Section Title Amount does not match.
https://vip.stock.finance.sina.com.cn//corp/view/vCB_AllBulletinDetail.php?stockid=300288&id=5201674,朗玛信息,2018,Toc incomplete
https://vip.stock.finance.sina.com.cn//corp/view/vCB_AllBulletinDetail.php?stockid=300288&id=5201674,朗玛信息,2018,Section Title Amount does not match.
https://vip.stock.finance.sina.com.cn//corp/view/vCB_AllBulletinDetail.php?stockid=300139&id=5201891,晓程科技,2018,Section Title Amount does not match.
https://vip.stock.finance.sina.com.cn//corp/view/vCB_AllBulletinDetail.php?stockid=000703&id=5201956,恒逸石化,2018,Missing content
https://vip.stock.finance.sina.com.cn//corp/view/vCB_AllBulletinDetail.php?stockid=000703&id=5201956,恒逸石化,2018,No Toc
https://vip.stock.finance.sina.com.cn//corp/view/vCB_AllBulletinDetail.php?stockid=603889&id=5194369,新澳股份,2018,Section Title Amount does not match.
https://vip.stock.finance.sina.com.cn//corp/view/vCB_AllBulletinDetail.php?stockid=300589&id=5192324,江龙船艇,2018,Section Title Amount does not match.
https://vip.stock.finance.sina.com.cn//corp/view/vCB_AllBulletinDetail.php?stockid=600988&id=5186890,赤峰黄金,2018,Section Title Amount does not match.
https://vip.stock.finance.sina.com.cn//corp/view/vCB_AllBulletinDetail.php?stockid=600345&id=5186554,长江通信,2018,Section Title Amount does not match.
https://vip.stock.finance.sina.com.cn//corp/view/vCB_AllBulletinDetail.php?stockid=300640&id=5189184,德艺文创,2018,No Toc
https://vip.stock.finance.sina.com.cn//corp/view/vCB_AllBulletinDetail.php?stockid=000018&id=5334664,神城A退,2018,No Toc
https://vip.stock.finance.sina.com.cn//corp/view/vCB_AllBulletinDetail.php?stockid=002667&id=5248996,鞍重股份,2018,Missing content
https://vip.stock.finance.sina.com.cn//corp/view/vCB_AllBulletinDetail.php?stockid=002667&id=5248996,鞍重股份,2018,No Toc
https://vip.stock.finance.sina.com.cn//corp/view/vCB_AllBulletinDetail.php?stockid=603025&id=5095053,大豪科技,2018,Section Title Amount does not match.
https://vip.stock.finance.sina.com.cn//corp/view/vCB_AllBulletinDetail.php?stockid=000703&id=5201956,恒逸石化,2018,Missing content
https://vip.stock.finance.sina.com.cn//corp/view/vCB_AllBulletinDetail.php?stockid=000703&id=5201956,恒逸石化,2018,No Toc
https://vip.stock.finance.sina.com.cn//corp/view/vCB_AllBulletinDetail.php?stockid=000018&id=5334664,神城A退,2018,No Toc
https://vip.stock.finance.sina.com.cn//corp/view/vCB_AllBulletinDetail.php?stockid=002667&id=5248996,鞍重股份,2018,Missing content
https://vip.stock.finance.sina.com.cn//corp/view/vCB_AllBulletinDetail.php?stockid=002667&id=5248996,鞍重股份,2018,No Toc
https://vip.stock.finance.sina.com.cn//corp/view/vCB_AllBulletinDetail.php?stockid=603025&id=5095053,大豪科技,2018,Section Title Amount does not match.
https://vip.stock.finance.sina.com.cn//corp/view/vCB_AllBulletinDetail.php?stockid=000703&id=5201956,恒逸石化,2018,Missing content
https://vip.stock.finance.sina.com.cn//corp/view/vCB_AllBulletinDetail.php?stockid=000703&id=5201956,恒逸石化,2018,No Toc
https://vip.stock.finance.sina.com.cn//corp/view/vCB_AllBulletinDetail.php?stockid=002010&id=5187406,传化智联,2018,No Toc
https://vip.stock.finance.sina.com.cn//corp/view/vCB_AllBulletinDetail.php?stockid=000018&id=5334664,神城A退,2018,No Toc
https://vip.stock.finance.sina.com.cn//corp/view/vCB_AllBulletinDetail.php?stockid=002667&id=5248996,鞍重股份,2018,Missing content
https://vip.stock.finance.sina.com.cn//corp/view/vCB_AllBulletinDetail.php?stockid=002667&id=5248996,鞍重股份,2018,No Toc
https://vip.stock.finance.sina.com.cn//corp/view/vCB_AllBulletinDetail.php?stockid=603025&id=5095053,大豪科技,2018,Section Title Amount does not match.
https://vip.stock.finance.sina.com.cn//corp/view/vCB_AllBulletinDetail.php?stockid=000703&id=5201956,恒逸石化,2018,Missing content
https://vip.stock.finance.sina.com.cn//corp/view/vCB_AllBulletinDetail.php?stockid=000703&id=5201956,恒逸石化,2018,No Toc
https://vip.stock.finance.sina.com.cn//corp/view/vCB_AllBulletinDetail.php?stockid=000836&id=5188381,富通鑫茂,2018,Section Title Amount does not match.
https://vip.stock.finance.sina.com.cn//corp/view/vCB_AllBulletinDetail.php?stockid=000732&id=5181063,泰禾集团,2018,Toc incomplete
https://vip.stock.finance.sina.com.cn//corp/view/vCB_AllBulletinDetail.php?stockid=000732&id=5181063,泰禾集团,2018,Section Title Amount does not match.
https://vip.stock.finance.sina.com.cn//corp/view/vCB_AllBulletinDetail.php?stockid=603885&id=5172535,吉祥航空,2018,No Toc
https://vip.stock.finance.sina.com.cn//corp/view/vCB_AllBulletinDetail.php?stockid=603712&id=5172468,七一二,2018,Section Title Amount does not match.
https://vip.stock.finance.sina.com.cn//corp/view/vCB_AllBulletinDetail.php?stockid=601668&id=5174536,中国建筑,2018,Missing content
https://vip.stock.finance.sina.com.cn//corp/view/vCB_AllBulletinDetail.php?stockid=601668&id=5174536,中国建筑,2018,No Toc
https://vip.stock.finance.sina.com.cn//corp/view/vCB_AllBulletinDetail.php?stockid=300535&id=5174047,达威股份,2018,Section Title Amount does not match.
https://vip.stock.finance.sina.com.cn//corp/view/vCB_AllBulletinDetail.php?stockid=002006&id=5171520,精功科技,2018,Section Title Amount does not match.
https://vip.stock.finance.sina.com.cn//corp/view/vCB_AllBulletinDetail.php?stockid=000886&id=5173244,海南高速,2018,Section Title Amount does not match.
https://vip.stock.finance.sina.com.cn//corp/view/vCB_AllBulletinDetail.php?stockid=000561&id=5174872,烽火电子,2018,No Toc
https://vip.stock.finance.sina.com.cn//corp/view/vCB_AllBulletinDetail.php?stockid=000570&id=5166366,苏常柴A,2018,No Toc
https://vip.stock.finance.sina.com.cn//corp/view/vCB_AllBulletinDetail.php?stockid=000018&id=5334664,神城A退,2018,No Toc
https://vip.stock.finance.sina.com.cn//corp/view/vCB_AllBulletinDetail.php?stockid=002667&id=5248996,鞍重股份,2018,Missing content
https://vip.stock.finance.sina.com.cn//corp/view/vCB_AllBulletinDetail.php?stockid=002667&id=5248996,鞍重股份,2018,No Toc
https://vip.stock.finance.sina.com.cn//corp/view/vCB_AllBulletinDetail.php?stockid=603025&id=5095053,大豪科技,2018,Section Title Amount does not match.
https://vip.stock.finance.sina.com.cn//corp/view/vCB_AllBulletinDetail.php?stockid=000703&id=5201956,恒逸石化,2018,Missing content
https://vip.stock.finance.sina.com.cn//corp/view/vCB_AllBulletinDetail.php?stockid=000703&id=5201956,恒逸石化,2018,No Toc
https://vip.stock.finance.sina.com.cn//corp/view/vCB_AllBulletinDetail.php?stockid=601668&id=5174536,中国建筑,2018,Missing content
https://vip.stock.finance.sina.com.cn//corp/view/vCB_AllBulletinDetail.php?stockid=601668&id=5174536,中国建筑,2018,No Toc
https://vip.stock.finance.sina.com.cn//corp/view/vCB_AllBulletinDetail.php?stockid=002006&id=5171520,精功科技,2018,Section Title Amount does not match.
https://vip.stock.finance.sina.com.cn//corp/view/vCB_AllBulletinDetail.php?stockid=000570&id=5166366,苏常柴A,2018,No Toc
https://vip.stock.finance.sina.com.cn//corp/view/vCB_AllBulletinDetail.php?stockid=002433&id=5163421,太安堂,2018,Toc incomplete
https://vip.stock.finance.sina.com.cn//corp/view/vCB_AllBulletinDetail.php?stockid=600133&id=5159421,东湖高新,2018,Section Title Amount does not match.
https://vip.stock.finance.sina.com.cn//corp/view/vCB_AllBulletinDetail.php?stockid=603916&id=5120783,苏博特,2018,Section Title Amount does not match.
https://vip.stock.finance.sina.com.cn//corp/view/vCB_AllBulletinDetail.php?stockid=000018&id=5334664,神城A退,2018,No Toc
https://vip.stock.finance.sina.com.cn//corp/view/vCB_AllBulletinDetail.php?stockid=002667&id=5248996,鞍重股份,2018,Missing content
https://vip.stock.finance.sina.com.cn//corp/view/vCB_AllBulletinDetail.php?stockid=002667&id=5248996,鞍重股份,2018,No Toc
https://vip.stock.finance.sina.com.cn//corp/view/vCB_AllBulletinDetail.php?stockid=603025&id=5095053,大豪科技,2018,Section Title Amount does not match.
https://vip.stock.finance.sina.com.cn//corp/view/vCB_AllBulletinDetail.php?stockid=000703&id=5201956,恒逸石化,2018,Missing content
https://vip.stock.finance.sina.com.cn//corp/view/vCB_AllBulletinDetail.php?stockid=000703&id=5201956,恒逸石化,2018,No Toc
https://vip.stock.finance.sina.com.cn//corp/view/vCB_AllBulletinDetail.php?stockid=601668&id=5174536,中国建筑,2018,Missing content
https://vip.stock.finance.sina.com.cn//corp/view/vCB_AllBulletinDetail.php?stockid=601668&id=5174536,中国建筑,2018,No Toc
https://vip.stock.finance.sina.com.cn//corp/view/vCB_AllBulletinDetail.php?stockid=002006&id=5171520,精功科技,2018,Section Title Amount does not match.
https://vip.stock.finance.sina.com.cn//corp/view/vCB_AllBulletinDetail.php?stockid=000570&id=5166366,苏常柴A,2018,No Toc
https://vip.stock.finance.sina.com.cn//corp/view/vCB_AllBulletinDetail.php?stockid=000876&id=5152322,新希望,2018,Toc incomplete
https://vip.stock.finance.sina.com.cn//corp/view/vCB_AllBulletinDetail.php?stockid=000876&id=5152322,新希望,2018,Section Title Amount does not match.
https://vip.stock.finance.sina.com.cn//corp/view/vCB_AllBulletinDetail.php?stockid=000031&id=5153589,大悦城,2018,Missing content
https://vip.stock.finance.sina.com.cn//corp/view/vCB_AllBulletinDetail.php?stockid=000031&id=5153589,大悦城,2018,No Toc
https://vip.stock.finance.sina.com.cn//corp/view/vCB_AllBulletinDetail.php?stockid=600848&id=5147827,上海临港,2018,Section Title Amount does not match.
https://vip.stock.finance.sina.com.cn//corp/view/vCB_AllBulletinDetail.php?stockid=002043&id=5147377,兔宝宝,2018,No Toc
https://vip.stock.finance.sina.com.cn//corp/view/vCB_AllBulletinDetail.php?stockid=600798&id=5142740,宁波海运,2018,Section Title Amount does not match.
https://vip.stock.finance.sina.com.cn//corp/view/vCB_AllBulletinDetail.php?stockid=000018&id=5334664,神城A退,2018,No Toc
https://vip.stock.finance.sina.com.cn//corp/view/vCB_AllBulletinDetail.php?stockid=002667&id=5248996,鞍重股份,2018,Missing content
https://vip.stock.finance.sina.com.cn//corp/view/vCB_AllBulletinDetail.php?stockid=002667&id=5248996,鞍重股份,2018,No Toc
https://vip.stock.finance.sina.com.cn//corp/view/vCB_AllBulletinDetail.php?stockid=000018&id=5334664,神城A退,2018,No Toc
https://vip.stock.finance.sina.com.cn//corp/view/vCB_AllBulletinDetail.php?stockid=002667&id=5248996,鞍重股份,2018,Missing content
https://vip.stock.finance.sina.com.cn//corp/view/vCB_AllBulletinDetail.php?stockid=002667&id=5248996,鞍重股份,2018,No Toc
https://vip.stock.finance.sina.com.cn//corp/view/vCB_AllBulletinDetail.php?stockid=603025&id=5095053,大豪科技,2018,Section Title Amount does not match.
https://vip.stock.finance.sina.com.cn//corp/view/vCB_AllBulletinDetail.php?stockid=000703&id=5201956,恒逸石化,2018,Missing content
https://vip.stock.finance.sina.com.cn//corp/view/vCB_AllBulletinDetail.php?stockid=000703&id=5201956,恒逸石化,2018,No Toc
https://vip.stock.finance.sina.com.cn//corp/view/vCB_AllBulletinDetail.php?stockid=601668&id=5174536,中国建筑,2018,Missing content
https://vip.stock.finance.sina.com.cn//corp/view/vCB_AllBulletinDetail.php?stockid=601668&id=5174536,中国建筑,2018,No Toc
https://vip.stock.finance.sina.com.cn//corp/view/vCB_AllBulletinDetail.php?stockid=002006&id=5171520,精功科技,2018,Section Title Amount does not match.
https://vip.stock.finance.sina.com.cn//corp/view/vCB_AllBulletinDetail.php?stockid=000570&id=5166366,苏常柴A,2018,No Toc
https://vip.stock.finance.sina.com.cn//corp/view/vCB_AllBulletinDetail.php?stockid=000031&id=5153589,大悦城,2018,Missing content
https://vip.stock.finance.sina.com.cn//corp/view/vCB_AllBulletinDetail.php?stockid=000031&id=5153589,大悦城,2018,No Toc
https://vip.stock.finance.sina.com.cn//corp/view/vCB_AllBulletinDetail.php?stockid=002051&id=5145065,中工国际,2018,Toc incomplete
https://vip.stock.finance.sina.com.cn//corp/view/vCB_AllBulletinDetail.php?stockid=002051&id=5145065,中工国际,2018,Section Title Amount does not match.
https://vip.stock.finance.sina.com.cn//corp/view/vCB_AllBulletinDetail.php?stockid=002019&id=5147590,亿帆医药,2018,Section Title Amount does not match.
https://vip.stock.finance.sina.com.cn//corp/view/vCB_AllBulletinDetail.php?stockid=000778&id=5145872,新兴铸管,2018,Toc incomplete
https://vip.stock.finance.sina.com.cn//corp/view/vCB_AllBulletinDetail.php?stockid=000778&id=5145872,新兴铸管,2018,Section Title Amount does not match.
https://vip.stock.finance.sina.com.cn//corp/view/vCB_AllBulletinDetail.php?stockid=000779&id=5137582,甘咨询,2018,Section Title Amount does not match.
https://vip.stock.finance.sina.com.cn//corp/view/vCB_AllBulletinDetail.php?stockid=601988&id=5137438,中国银行,2018,No Toc
https://vip.stock.finance.sina.com.cn//corp/view/vCB_AllBulletinDetail.php?stockid=000018&id=5334664,神城A退,2018,No Toc
https://vip.stock.finance.sina.com.cn//corp/view/vCB_AllBulletinDetail.php?stockid=002667&id=5248996,鞍重股份,2018,Missing content
https://vip.stock.finance.sina.com.cn//corp/view/vCB_AllBulletinDetail.php?stockid=002667&id=5248996,鞍重股份,2018,No Toc
https://vip.stock.finance.sina.com.cn//corp/view/vCB_AllBulletinDetail.php?stockid=603025&id=5095053,大豪科技,2018,Section Title Amount does not match.
https://vip.stock.finance.sina.com.cn//corp/view/vCB_AllBulletinDetail.php?stockid=000703&id=5201956,恒逸石化,2018,Missing content
https://vip.stock.finance.sina.com.cn//corp/view/vCB_AllBulletinDetail.php?stockid=000703&id=5201956,恒逸石化,2018,No Toc
https://vip.stock.finance.sina.com.cn//corp/view/vCB_AllBulletinDetail.php?stockid=601668&id=5174536,中国建筑,2018,Missing content
https://vip.stock.finance.sina.com.cn//corp/view/vCB_AllBulletinDetail.php?stockid=601668&id=5174536,中国建筑,2018,No Toc
https://vip.stock.finance.sina.com.cn//corp/view/vCB_AllBulletinDetail.php?stockid=002006&id=5171520,精功科技,2018,Section Title Amount does not match.
https://vip.stock.finance.sina.com.cn//corp/view/vCB_AllBulletinDetail.php?stockid=000570&id=5166366,苏常柴A,2018,No Toc
https://vip.stock.finance.sina.com.cn//corp/view/vCB_AllBulletinDetail.php?stockid=000031&id=5153589,大悦城,2018,Missing content
https://vip.stock.finance.sina.com.cn//corp/view/vCB_AllBulletinDetail.php?stockid=000031&id=5153589,大悦城,2018,No Toc
https://vip.stock.finance.sina.com.cn//corp/view/vCB_AllBulletinDetail.php?stockid=601800&id=5140856,中国交建,2018,Missing content
https://vip.stock.finance.sina.com.cn//corp/view/vCB_AllBulletinDetail.php?stockid=601800&id=5140856,中国交建,2018,No Toc
https://vip.stock.finance.sina.com.cn//corp/view/vCB_AllBulletinDetail.php?stockid=601688&id=5136068,华泰证券,2018,No Toc
https://vip.stock.finance.sina.com.cn//corp/view/vCB_AllBulletinDetail.php?stockid=601390&id=5140062,中国中铁,2018,Missing content
https://vip.stock.finance.sina.com.cn//corp/view/vCB_AllBulletinDetail.php?stockid=601390&id=5140062,中国中铁,2018,No Toc
https://vip.stock.finance.sina.com.cn//corp/view/vCB_AllBulletinDetail.php?stockid=601328&id=5139492,交通银行,2018,Missing content
https://vip.stock.finance.sina.com.cn//corp/view/vCB_AllBulletinDetail.php?stockid=601328&id=5139492,交通银行,2018,No Toc
https://vip.stock.finance.sina.com.cn//corp/view/vCB_AllBulletinDetail.php?stockid=601288&id=5140765,农业银行,2018,Missing content
https://vip.stock.finance.sina.com.cn//corp/view/vCB_AllBulletinDetail.php?stockid=601288&id=5140765,农业银行,2018,No Toc
https://vip.stock.finance.sina.com.cn//corp/view/vCB_AllBulletinDetail.php?stockid=600875&id=5140459,东方电气,2018,Toc incomplete
https://vip.stock.finance.sina.com.cn//corp/view/vCB_AllBulletinDetail.php?stockid=600875&id=5140459,东方电气,2018,Section Title Amount does not match.
https://vip.stock.finance.sina.com.cn//corp/view/vCB_AllBulletinDetail.php?stockid=600115&id=5138357,东方航空,2018,No Toc
https://vip.stock.finance.sina.com.cn//corp/view/vCB_AllBulletinDetail.php?stockid=600068&id=5138135,葛洲坝,2018,Section Title Amount does not match.
https://vip.stock.finance.sina.com.cn//corp/view/vCB_AllBulletinDetail.php?stockid=600029&id=5132919,南方航空,2018,Toc incomplete
https://vip.stock.finance.sina.com.cn//corp/view/vCB_AllBulletinDetail.php?stockid=600029&id=5132919,南方航空,2018,Section Title Amount does not match.
https://vip.stock.finance.sina.com.cn//corp/view/vCB_AllBulletinDetail.php?stockid=600016&id=5138809,民生银行,2018,Toc incomplete
https://vip.stock.finance.sina.com.cn//corp/view/vCB_AllBulletinDetail.php?stockid=600016&id=5138809,民生银行,2018,Section Title Amount does not match.
https://vip.stock.finance.sina.com.cn//corp/view/vCB_AllBulletinDetail.php?stockid=000018&id=5334664,神城A退,2018,No Toc
https://vip.stock.finance.sina.com.cn//corp/view/vCB_AllBulletinDetail.php?stockid=002667&id=5248996,鞍重股份,2018,Missing content
https://vip.stock.finance.sina.com.cn//corp/view/vCB_AllBulletinDetail.php?stockid=002667&id=5248996,鞍重股份,2018,No Toc
https://vip.stock.finance.sina.com.cn//corp/view/vCB_AllBulletinDetail.php?stockid=603025&id=5095053,大豪科技,2018,Section Title Amount does not match.
https://vip.stock.finance.sina.com.cn//corp/view/vCB_AllBulletinDetail.php?stockid=000703&id=5201956,恒逸石化,2018,Missing content
https://vip.stock.finance.sina.com.cn//corp/view/vCB_AllBulletinDetail.php?stockid=000703&id=5201956,恒逸石化,2018,No Toc
https://vip.stock.finance.sina.com.cn//corp/view/vCB_AllBulletinDetail.php?stockid=601668&id=5174536,中国建筑,2018,Missing content
https://vip.stock.finance.sina.com.cn//corp/view/vCB_AllBulletinDetail.php?stockid=601668&id=5174536,中国建筑,2018,No Toc
https://vip.stock.finance.sina.com.cn//corp/view/vCB_AllBulletinDetail.php?stockid=002006&id=5171520,精功科技,2018,Section Title Amount does not match.
https://vip.stock.finance.sina.com.cn//corp/view/vCB_AllBulletinDetail.php?stockid=000570&id=5166366,苏常柴A,2018,No Toc
https://vip.stock.finance.sina.com.cn//corp/view/vCB_AllBulletinDetail.php?stockid=000031&id=5153589,大悦城,2018,Missing content
https://vip.stock.finance.sina.com.cn//corp/view/vCB_AllBulletinDetail.php?stockid=000031&id=5153589,大悦城,2018,No Toc
https://vip.stock.finance.sina.com.cn//corp/view/vCB_AllBulletinDetail.php?stockid=601800&id=5140856,中国交建,2018,Missing content
https://vip.stock.finance.sina.com.cn//corp/view/vCB_AllBulletinDetail.php?stockid=601800&id=5140856,中国交建,2018,No Toc
https://vip.stock.finance.sina.com.cn//corp/view/vCB_AllBulletinDetail.php?stockid=601390&id=5140062,中国中铁,2018,Missing content
https://vip.stock.finance.sina.com.cn//corp/view/vCB_AllBulletinDetail.php?stockid=601390&id=5140062,中国中铁,2018,No Toc
https://vip.stock.finance.sina.com.cn//corp/view/vCB_AllBulletinDetail.php?stockid=601328&id=5139492,交通银行,2018,Missing content
https://vip.stock.finance.sina.com.cn//corp/view/vCB_AllBulletinDetail.php?stockid=601328&id=5139492,交通银行,2018,No Toc
https://vip.stock.finance.sina.com.cn//corp/view/vCB_AllBulletinDetail.php?stockid=601288&id=5140765,农业银行,2018,Missing content
https://vip.stock.finance.sina.com.cn//corp/view/vCB_AllBulletinDetail.php?stockid=601288&id=5140765,农业银行,2018,No Toc
https://vip.stock.finance.sina.com.cn//corp/view/vCB_AllBulletinDetail.php?stockid=000060&id=5139941,中金岭南,2018,Toc incomplete
https://vip.stock.finance.sina.com.cn//corp/view/vCB_AllBulletinDetail.php?stockid=000006&id=5133177,深振业A,2018,Section Title Amount does not match.
https://vip.stock.finance.sina.com.cn//corp/view/vCB_AllBulletinDetail.php?stockid=603856&id=5127922,东宏股份,2018,Section Title Amount does not match.
https://vip.stock.finance.sina.com.cn//corp/view/vCB_AllBulletinDetail.php?stockid=601818&id=5131236,光大银行,2018,No Toc
https://vip.stock.finance.sina.com.cn//corp/view/vCB_AllBulletinDetail.php?stockid=601398&id=5131069,工商银行,2018,No Toc
https://vip.stock.finance.sina.com.cn//corp/view/vCB_AllBulletinDetail.php?stockid=601375&id=5130999,中原证券,2018,Section Title Amount does not match.
https://vip.stock.finance.sina.com.cn//corp/view/vCB_AllBulletinDetail.php?stockid=601107&id=5130929,四川成渝,2018,Section Title Amount does not match.
https://vip.stock.finance.sina.com.cn//corp/view/vCB_AllBulletinDetail.php?stockid=600999&id=5130762,招商证券,2018,Toc incomplete
https://vip.stock.finance.sina.com.cn//corp/view/vCB_AllBulletinDetail.php?stockid=600999&id=5130762,招商证券,2018,Section Title Amount does not match.
https://vip.stock.finance.sina.com.cn//corp/view/vCB_AllBulletinDetail.php?stockid=600771&id=5109799,广誉远,2018,Section Title Amount does not match.
https://vip.stock.finance.sina.com.cn//corp/view/vCB_AllBulletinDetail.php?stockid=300045&id=5129667,华力创通,2018,Toc incomplete
https://vip.stock.finance.sina.com.cn//corp/view/vCB_AllBulletinDetail.php?stockid=002936&id=5129637,郑州银行,2018,No Toc
https://vip.stock.finance.sina.com.cn//corp/view/vCB_AllBulletinDetail.php?stockid=002598&id=5126015,山东章鼓,2018,Toc incomplete
https://vip.stock.finance.sina.com.cn//corp/view/vCB_AllBulletinDetail.php?stockid=002598&id=5126015,山东章鼓,2018,Section Title Amount does not match.
https://vip.stock.finance.sina.com.cn//corp/view/vCB_AllBulletinDetail.php?stockid=000719&id=5128378,中原传媒,2018,Section Title Amount does not match.
https://vip.stock.finance.sina.com.cn//corp/view/vCB_AllBulletinDetail.php?stockid=601939&id=5122865,建设银行,2018,No Toc
https://vip.stock.finance.sina.com.cn//corp/view/vCB_AllBulletinDetail.php?stockid=600528&id=5122609,中铁工业,2018,Section Title Amount does not match.
https://vip.stock.finance.sina.com.cn//corp/view/vCB_AllBulletinDetail.php?stockid=600362&id=5122266,江西铜业,2018,Section Title Amount does not match.
https://vip.stock.finance.sina.com.cn//corp/view/vCB_AllBulletinDetail.php?stockid=000759&id=5121028,中百集团,2018,Section Title Amount does not match.
https://vip.stock.finance.sina.com.cn//corp/view/vCB_AllBulletinDetail.php?stockid=000039&id=5122333,中集集团,2018,Toc incomplete
https://vip.stock.finance.sina.com.cn//corp/view/vCB_AllBulletinDetail.php?stockid=000039&id=5122333,中集集团,2018,Section Title Amount does not match.
https://vip.stock.finance.sina.com.cn//corp/view/vCB_AllBulletinDetail.php?stockid=601998&id=5116925,中信银行,2018,Toc incomplete
https://vip.stock.finance.sina.com.cn//corp/view/vCB_AllBulletinDetail.php?stockid=601998&id=5116925,中信银行,2018,Section Title Amount does not match.
https://vip.stock.finance.sina.com.cn//corp/view/vCB_AllBulletinDetail.php?stockid=002092&id=5117346,中泰化学,2018,Section Title Amount does not match.
https://vip.stock.finance.sina.com.cn//corp/view/vCB_AllBulletinDetail.php?stockid=601608&id=5113128,中信重工,2018,Section Title Amount does not match.
https://vip.stock.finance.sina.com.cn//corp/view/vCB_AllBulletinDetail.php?stockid=601598&id=5113973,中国外运,2018,No Toc
https://vip.stock.finance.sina.com.cn//corp/view/vCB_AllBulletinDetail.php?stockid=600871&id=5110468,石化油服,2018,No Toc
https://vip.stock.finance.sina.com.cn//corp/view/vCB_AllBulletinDetail.php?stockid=600000&id=5113518,浦发银行,2018,Toc incomplete
https://vip.stock.finance.sina.com.cn//corp/view/vCB_AllBulletinDetail.php?stockid=600000&id=5113518,浦发银行,2018,Section Title Amount does not match.
https://vip.stock.finance.sina.com.cn//corp/view/vCB_AllBulletinDetail.php?stockid=002534&id=5110554,杭锅股份,2018,Section Title Amount does not match.
https://vip.stock.finance.sina.com.cn//corp/view/vCB_AllBulletinDetail.php?stockid=000756&id=5108406,新华制药,2018,No Toc
https://vip.stock.finance.sina.com.cn//corp/view/vCB_AllBulletinDetail.php?stockid=601899&id=5108096,紫金矿业,2018,Toc incomplete
https://vip.stock.finance.sina.com.cn//corp/view/vCB_AllBulletinDetail.php?stockid=601899&id=5108096,紫金矿业,2018,Section Title Amount does not match.
https://vip.stock.finance.sina.com.cn//corp/view/vCB_AllBulletinDetail.php?stockid=601319&id=5107996,中国人保,2018,No Toc
https://vip.stock.finance.sina.com.cn//corp/view/vCB_AllBulletinDetail.php?stockid=601088&id=5107903,中国神华,2018,Section Title Amount does not match.
https://vip.stock.finance.sina.com.cn//corp/view/vCB_AllBulletinDetail.php?stockid=600036&id=5106888,招商银行,2018,No Toc
https://vip.stock.finance.sina.com.cn//corp/view/vCB_AllBulletinDetail.php?stockid=300188&id=5107898,美亚柏科,2018,Toc incomplete
https://vip.stock.finance.sina.com.cn//corp/view/vCB_AllBulletinDetail.php?stockid=300188&id=5107898,美亚柏科,2018,Section Title Amount does not match.
https://vip.stock.finance.sina.com.cn//corp/view/vCB_AllBulletinDetail.php?stockid=000987&id=5107150,越秀金控,2018,No Toc
https://vip.stock.finance.sina.com.cn//corp/view/vCB_AllBulletinDetail.php?stockid=000750&id=5106082,国海证券,2018,Section Title Amount does not match.
https://vip.stock.finance.sina.com.cn//corp/view/vCB_AllBulletinDetail.php?stockid=601857&id=5102348,中国石油,2018,No Toc
https://vip.stock.finance.sina.com.cn//corp/view/vCB_AllBulletinDetail.php?stockid=600787&id=5100894,中储股份,2018,Toc incomplete
https://vip.stock.finance.sina.com.cn//corp/view/vCB_AllBulletinDetail.php?stockid=600787&id=5100894,中储股份,2018,Section Title Amount does not match.
https://vip.stock.finance.sina.com.cn//corp/view/vCB_AllBulletinDetail.php?stockid=600585&id=5101415,海螺水泥,2018,No Toc
https://vip.stock.finance.sina.com.cn//corp/view/vCB_AllBulletinDetail.php?stockid=600030&id=5102160,中信证券,2018,Toc incomplete
https://vip.stock.finance.sina.com.cn//corp/view/vCB_AllBulletinDetail.php?stockid=600030&id=5102160,中信证券,2018,Section Title Amount does not match.
https://vip.stock.finance.sina.com.cn//corp/view/vCB_AllBulletinDetail.php?stockid=300365&id=5103823,恒华科技,2018,No Toc
https://vip.stock.finance.sina.com.cn//corp/view/vCB_AllBulletinDetail.php?stockid=000856&id=5101499,冀东装备,2018,Section Title Amount does not match.
https://vip.stock.finance.sina.com.cn//corp/view/vCB_AllBulletinDetail.php?stockid=300450&id=5099791,先导智能,2018,Section Title Amount does not match.
https://vip.stock.finance.sina.com.cn//corp/view/vCB_AllBulletinDetail.php?stockid=002937&id=5100146,兴瑞科技,2018,Section Title Amount does not match.
https://vip.stock.finance.sina.com.cn//corp/view/vCB_AllBulletinDetail.php?stockid=000877&id=5100005,天山股份,2018,Section Title Amount does not match.
https://vip.stock.finance.sina.com.cn//corp/view/vCB_AllBulletinDetail.php?stockid=000619&id=5100114,海螺型材,2018,Section Title Amount does not match.
https://vip.stock.finance.sina.com.cn//corp/view/vCB_AllBulletinDetail.php?stockid=603315&id=5096795,福鞍股份,2018,Section Title Amount does not match.
https://vip.stock.finance.sina.com.cn//corp/view/vCB_AllBulletinDetail.php?stockid=002801&id=5095600,微光股份,2018,Section Title Amount does not match.
https://vip.stock.finance.sina.com.cn//corp/view/vCB_AllBulletinDetail.php?stockid=001979&id=5092776,招商蛇口,2018,Missing content
https://vip.stock.finance.sina.com.cn//corp/view/vCB_AllBulletinDetail.php?stockid=001979&id=5092776,招商蛇口,2018,No Toc
https://vip.stock.finance.sina.com.cn//corp/view/vCB_AllBulletinDetail.php?stockid=600603&id=5089227,广汇物流,2018,Section Title Amount does not match.
https://vip.stock.finance.sina.com.cn//corp/view/vCB_AllBulletinDetail.php?stockid=600332&id=5089106,白云山,2018,Missing content
https://vip.stock.finance.sina.com.cn//corp/view/vCB_AllBulletinDetail.php?stockid=600332&id=5089106,白云山,2018,No Toc
https://vip.stock.finance.sina.com.cn//corp/view/vCB_AllBulletinDetail.php?stockid=000723&id=5089272,美锦能源,2018,Section Title Amount does not match.
https://vip.stock.finance.sina.com.cn//corp/view/vCB_AllBulletinDetail.php?stockid=300534&id=5088560,陇神戎发,2018,Toc incomplete
https://vip.stock.finance.sina.com.cn//corp/view/vCB_AllBulletinDetail.php?stockid=300534&id=5088560,陇神戎发,2018,Section Title Amount does not match.
https://vip.stock.finance.sina.com.cn//corp/view/vCB_AllBulletinDetail.php?stockid=002352&id=5088991,顺丰控股,2018,No Toc
https://vip.stock.finance.sina.com.cn//corp/view/vCB_AllBulletinDetail.php?stockid=000600&id=5088791,建投能源,2018,Missing content
https://vip.stock.finance.sina.com.cn//corp/view/vCB_AllBulletinDetail.php?stockid=000600&id=5088791,建投能源,2018,No Toc
https://vip.stock.finance.sina.com.cn//corp/view/vCB_AllBulletinDetail.php?stockid=601318&id=5079927,中国平安,2018,No Toc
https://vip.stock.finance.sina.com.cn//corp/view/vCB_AllBulletinDetail.php?stockid=603335&id=5077582,迪生力,2018,Section Title Amount does not match.
https://vip.stock.finance.sina.com.cn//corp/view/vCB_AllBulletinDetail.php?stockid=600158&id=5076420,中体产业,2018,Section Title Amount does not match.
https://vip.stock.finance.sina.com.cn//corp/view/vCB_AllBulletinDetail.php?stockid=000969&id=5074587,安泰科技,2018,Toc incomplete
https://vip.stock.finance.sina.com.cn//corp/view/vCB_AllBulletinDetail.php?stockid=002928&id=5074378,华夏航空,2018,Section Title Amount does not match.
https://vip.stock.finance.sina.com.cn//corp/view/vCB_AllBulletinDetail.php?stockid=300722&id=5067161,新余国科,2018,Section Title Amount does not match.
https://vip.stock.finance.sina.com.cn//corp/view/vCB_AllBulletinDetail.php?stockid=600887&id=5054989,伊利股份,2018,Section Title Amount does not match.
https://vip.stock.finance.sina.com.cn//corp/view/vCB_AllBulletinDetail.php?stockid=000166&id=5056645,申万宏源,2018,Section Title Amount does not match.
https://vip.stock.finance.sina.com.cn//corp/view/vCB_AllBulletinDetail.php?stockid=300623&id=5052258,捷捷微电,2018,Section Title Amount does not match.
https://vip.stock.finance.sina.com.cn//corp/view/vCB_AllBulletinDetail.php?stockid=000055&id=5017524,方大集团,2018,No Toc
https://vip.stock.finance.sina.com.cn//corp/view/vCB_AllBulletinDetail.php?stockid=000018&id=5334664,神城A退,2018,No Toc
https://vip.stock.finance.sina.com.cn//corp/view/vCB_AllBulletinDetail.php?stockid=002667&id=5248996,鞍重股份,2018,Missing content
https://vip.stock.finance.sina.com.cn//corp/view/vCB_AllBulletinDetail.php?stockid=002667&id=5248996,鞍重股份,2018,No Toc
https://vip.stock.finance.sina.com.cn//corp/view/vCB_AllBulletinDetail.php?stockid=603025&id=5095053,大豪科技,2018,Section Title Amount does not match.
https://vip.stock.finance.sina.com.cn//corp/view/vCB_AllBulletinDetail.php?stockid=000703&id=5201956,恒逸石化,2018,Missing content
https://vip.stock.finance.sina.com.cn//corp/view/vCB_AllBulletinDetail.php?stockid=000703&id=5201956,恒逸石化,2018,No Toc
https://vip.stock.finance.sina.com.cn//corp/view/vCB_AllBulletinDetail.php?stockid=601668&id=5174536,中国建筑,2018,Missing content
https://vip.stock.finance.sina.com.cn//corp/view/vCB_AllBulletinDetail.php?stockid=601668&id=5174536,中国建筑,2018,No Toc
https://vip.stock.finance.sina.com.cn//corp/view/vCB_AllBulletinDetail.php?stockid=002006&id=5171520,精功科技,2018,Section Title Amount does not match.
https://vip.stock.finance.sina.com.cn//corp/view/vCB_AllBulletinDetail.php?stockid=000570&id=5166366,苏常柴A,2018,No Toc
https://vip.stock.finance.sina.com.cn//corp/view/vCB_AllBulletinDetail.php?stockid=000031&id=5153589,大悦城,2018,Missing content
https://vip.stock.finance.sina.com.cn//corp/view/vCB_AllBulletinDetail.php?stockid=000031&id=5153589,大悦城,2018,No Toc
https://vip.stock.finance.sina.com.cn//corp/view/vCB_AllBulletinDetail.php?stockid=601800&id=5140856,中国交建,2018,Missing content
https://vip.stock.finance.sina.com.cn//corp/view/vCB_AllBulletinDetail.php?stockid=601800&id=5140856,中国交建,2018,No Toc
https://vip.stock.finance.sina.com.cn//corp/view/vCB_AllBulletinDetail.php?stockid=601390&id=5140062,中国中铁,2018,Missing content
https://vip.stock.finance.sina.com.cn//corp/view/vCB_AllBulletinDetail.php?stockid=601390&id=5140062,中国中铁,2018,No Toc
https://vip.stock.finance.sina.com.cn//corp/view/vCB_AllBulletinDetail.php?stockid=601328&id=5139492,交通银行,2018,Missing content
https://vip.stock.finance.sina.com.cn//corp/view/vCB_AllBulletinDetail.php?stockid=601328&id=5139492,交通银行,2018,No Toc
https://vip.stock.finance.sina.com.cn//corp/view/vCB_AllBulletinDetail.php?stockid=601288&id=5140765,农业银行,2018,Missing content
https://vip.stock.finance.sina.com.cn//corp/view/vCB_AllBulletinDetail.php?stockid=601288&id=5140765,农业银行,2018,No Toc
https://vip.stock.finance.sina.com.cn//corp/view/vCB_AllBulletinDetail.php?stockid=601598&id=5113973,中国外运,2018,No Toc
https://vip.stock.finance.sina.com.cn//corp/view/vCB_AllBulletinDetail.php?stockid=601319&id=5107996,中国人保,2018,No Toc
