name,isDomestic
中国人民银行研究生部,1
北佛吉尼亚大学,0
中国纺织大学,1
韩国延世大学,0
普林斯顿大学,0
华盛顿国际大学,0
佛罗里达大学,0
澳门科技大学,0
科廷科技大学,0
哈尔滨电视大学,1
日本广岛大学,0
丹麦科技大学,0
江西财经学院,1
陕西财经学院,1
湖南财经学院,1
华南师范学院,1
杭州电子工业学院,1
华中师范学院,1
爱荷华州立大学,0
浙江财经学院,1
密歇根州立大学,0
加州州立大学,0
广东财经学院,1
西北农业大学,1
青海财经学院,1
莱特州立大学,0
华盛顿州立大学,0
河南财经学院,1
山西财经学院,1
英国考文垂大学,0
华南热带农业大学,1
贵州财经学院,1
Wageningen农业大学,0
湖北师范学院,1
新疆财经学院,1
淮北煤炭师范学院,1
内布拉斯加州立大学,0
内蒙古财经学院,1
Morehead州立大学,0
辽宁财经学院,1
俄勒冈州州立大学,0
俄亥俄州立大学,0
亚利桑那州立大学,0
佛罗里达州立大学,0
布拉格经济大学,0
北卡州立大学,0
烟台师范学院,1
阜阳师范学院,1
集美财经学院,1
密苏里州立大学,0
普瓦捷大学,0
赣南师范学院,1
南通师范学院,1
威斯康辛州立大学,0
北京外语师范学院,1
上海师范学院,1
西安财经学院,1
湖北财经学院,1
青岛海洋大学,1
北京第一师范学院,1
河北财经学院,1
长沙水利电力师范学院,1
天津财经学院,1
四川师范学院,1
北阿拉巴马州立大学,0
WSU州立大学,0
南达科他州立大学,0
四川财经学院,1
益阳师范专科学校,1
北京师范学院,1
法国高等对外贸易大学,0
龙岩师范学院,1
亚历桑那州立大学,0
宾夕法尼亚州立大学,0
香港财经学院,0
天津职业技术师范学院,1
广西师范学院,1
纽约州立大学,0
滨州州立大学,0
广州师范学院,1
新泽西州立大学,0
宾州州立大学,0
北卡罗来纳州立大学,0
台湾国立海洋大学,0
广东技术师范学院,1
河南省财经学院,1
东京农业大学,0
武汉师范学院,1
天津工程师范学院,1
咸宁师范学院,1
佐治亚州州立大学,0
江西科技师范学院,1
俄克拉荷马州立大学,0
苏州铁道师范学院,1
伊利诺伊州立大学,0
首都经济与贸易大学,1
漳州师范学院,1
甘肃省职工财经学院,1
责州财经学院,1
聊城师范学院,1
南昌职业技术师范学院,1
常州财经学院,1
扬州师范学院,1
台湾海洋学院,0
台湾海洋大学,0
南京晓庄师范学院,1
西北师范学院,1
德州州立大学,0
宁波师范学院,1
温州师范学院,1
密执安州立大学,0
三藩市州立大学,0
齐齐哈尔师范学院,1
湖南师范学院,1
上海财经学院,1
长沙水电师范学院,1
密西根州立大学,0
柏林科技大学,0
佐治亚州立大学,0
河北师范学院,1
克利夫兰州立大学,1
四平师范学院,1
长春师范学院,1
依阿华州立大学,0
泰国农业大学,0
俄勒岗州立大学,0
加利佛尼亚州州立大学,0
明尼苏达州立大学,0
宝山县五七农业大学,1
江苏理工大学,1
荷兰埃因霍温理工大学,0
西北电讯工程学院,1
中国土木工程学院,1
澳洲皇家理工大学,0
空军电讯工程学院,1
南洋理工大学,0
沈阳建筑工程学院,1
重庆建筑工程学院,1
吉林建筑工程学院,1
帝国理工大学,0
哈尔滨建筑工程学院,1
人民解放军理工大学,1
解放军信息工程学院,1
青岛建筑工程学院,1
西安军事电信工程学院,1
新泽西理工大学,0
纽约理工大学,0
哈尔滨船舶工程学院,1
防化指挥工程学院,1
人民解放军运输工程学院,1
哈尔滨军事工程学院,1
山东工程学院,1
陕西财经大学,1
加州理工大学,0
湖南理工大学,1
浙江工程学院,1
皇家墨尔本理工大学,0
台湾科技大学,0
装甲兵工程学院,1
杭州工程学院,1
洛林理工大学,0
墨尔本皇家理工大学,0
弗吉尼亚理工大学,0
苏黎世联邦理工大学,0
康考迪亚大学,0
瑞士联邦理工大学,0
武汉水运工程学院,1
第二炮兵工程学院,1
华沙理工大学,0
杜伊斯堡大学,0
成都电讯工程学院,1
牡丹江师范大学,1
中南政法大学,1
西南财经政法大学,1
安大略理工大学,0
劳伦斯理工大学,0
解放军通讯工程学院,1
解放军电子工程学院,1
佛吉尼亚理工大学,0
武汉测绘科技大学,1
西北建筑工程学院,1
合肥电子工程学院,1
南京建筑工程学,1
Virginia理工大学,0
葛洲坝水电工程学院,1
成都信息工程学院,1
北京电子工程学院,1
代尔伏特理工大学,0
石家庄铁道兵工程学院,1
俄罗斯喀山理工大学,0
莫斯科电子工程学院,0
陆军工程大学,1
北京交大,1
英国威尔士大学,0
瑞士洛桑联邦理工大学,0
佐治亚理工大学,0
华东工程学院,1
科廷理工大学,0
河北理工大学,1
密州理工大学,0
奥克兰理工大学,0
伊利诺伊理工大学,0
中国理工大学,1
北京建筑工程学,1
海军航空工程学院,1
北京化学工程学院,1
荷兰Delft大学,0
空军工程学院,1
加拿大安省理工大学,0
安徽建筑工程学院,1
南京通信工程学院,1
解放军军械工程学院,1
北方交大,1
北航,1
解放军理工大学,1
山东建筑工程学院,1
上海机械学院,1
解放军通信工程学院,1
辽宁建筑工程学院,1
海军电子工程学院,1
北京机械工程学院,1
郑州工程学院,1
广西财经大学,1
河南医科大学,1
湖南医科大学,1
同济医科大学,1
西南石油学院,1
抚顺石油学院,1
西安医科大学,1
福坦莫大学,0
Fordham,0
湖北医科大学,1
大庆石油学院,1
华东石油学院,1
江汉石油学院,1
协和医科大学,1
河北省医科大学,1
白求恩医科大学,1
中山医科大学,1
西安石油学院,1
日本滨松医科大学,0
上海第二医科大学,1
新疆石油学院,1
中国石油大学,1
休斯顿大学,0
广东医药学院,1
广东药学院,1
南京药学院,1
内蒙古林业大学,1
沈阳药学院,1
贵阳医学院,1
西安工业学院,1
北京邮电学院,1
长春邮电学院,1
南京邮电学院,1
西安邮电学院,1
广东邮电学院,1
南京化工大学,1
中国公安大学,1
西安陆军学院,1
北京航空学院,1
空军第一航空学院,1
大连陆军学院,1
桂林陆军学院,1
南昌航空学院,1
广州通信学院,1
南京航空学院,1
中欧工商管理学院,1
重庆建筑大学,1
澳大利亚国立大学,0
交通部干部管理学院,1
上海城市管理学院,1
武汉水运工程管理学院,1
瑞士国际酒店管理学院,0
香港工商管理学院,0
安徽工商管理学院,1
上海行政管理学院,1
兰斯高等工商管理学院,0
山东经济学院,1
四川省工商管理学院,1
乔治布朗学院,0
彼得德鲁克管理学院,0
北京核工业管理学院,1
里斯本大学,0
广西中医学院,1
湖南省经济管理学院,1
山西经济管理学院,1
新加坡管理大学,0
江西中医学院,1
贵阳中医学院,1
成都中医学院,1
河南金融管理学院,1
甘肃中医学院,1
浙江中医学院,1
安徽经济管理学院,1
武汉交通科技大学,1
南澳大学,0
瑞典工业管理学院,0
逢甲大学,1
华东冶金学院,1
蒙东娜大学,0
北京经济学院,1
武汉水利电力大学,1
圣彼得堡工商管理学院,0
北京机械工业管理学院,1
德锐大学,0
台湾政治大学,0
南京中医学院,1
欧洲工商管理学院,0
天津中医学院,1
荷兰马斯特里赫特管理学院,0
澳洲国立大学,0
中欧国际工商管理学院,1
英国瓦特大学,0
荷兰鹿特丹大学,0
大理学院,1
日内瓦国际管理学院,0
圣彼得堡国立大学,0
福德汉姆大学,0
华威大学,0
湖南中医学院,1
解放军汽车管理学院,1
中国工业经济管理学院,1
湖北中医学院,1
巴黎HEC管理学院,0
德国波恩大学,0
安徽中医学院,1
哈尔科夫国立大学,0
台湾国立大学,0
蒙彼利埃国立大学,0
陕西中医学院,1
新加坡管理学院,0
长江商学院,1
南昆士兰大学,0
华东工学院,1
华南工学院,1
厦门国家会计学院,1
南京工学院,1
内蒙古工学院,1
华中工学院,1
上海国家会计学院,1
兰州商学院,1
江苏商学院,1
黑龙江商学院,1
安徽工学院,1
宾西法尼亚大学,0
华东化工学院,1
西北纺织工学院,1
澳门城市大学,0
女皇大学,0
泰国正大商学院,0
武汉工学院,1
西北政法学院,1
武汉纺织工学院,1
青岛化工学院,1
伯明翰大学,0
荷兰商学院,0
淮海工学院,1
吉林建工学院,1
洛阳工学院,1
北卡罗莱纳大学,0
悉尼科技大学,0
北京国家会计学院,1
欧洲港商学院,0
埃克塞特大学,0
山东工学院,1
甘肃政法学院,1
西南政法学院,1
湖南商学院,1
中央财政金融学院,1
贵州工学院,1
锦州工学院,1
布兰迪斯大学,0
中欧国际商学院,1
杭州商学院,1
大连工学院,1
昆明工学院,1
北京化工学院,1
汇丰商学院,1
诺欧商学院,0
Aix-en-Provence法学院,0
ESSEC高等商学院,0
天津商学院,1
陕西工学院,1
杜伦大学,0
重庆商学院,1
江西工学院,1
布莱顿大学,0
伦敦城市大学,0
圣彼得堡国立技术大学,0
莫斯科建工学院,0
曼彻斯特理工大学,0
新疆工学院,1
都灵理工大学,0
吉林工学院,1
立信会计学院,1
广东商学院,1
哥本哈根商学院,0
哈尔滨电工学院,1
欧洲商学院,0
布拉德利大学,0
法国IPAG高等商学院,0
沈阳化工学院,1
北京市石油化工学院,1
广东司法学院,1
江苏化工学院,1
武汉化工学院,1
江苏石油化工学院,1
江苏工业学院,1
台北大同工学院,0
台北大同大学,0
郑州工学院,1
南京经济学院,1
天津纺织工学院,1
浙江工学院,1
湖北工学院,1
重庆工学院,1
郑州纺织工学院,1
曼彻斯特商学院,0
浙江丝绸工学院,1
上海金融学院,1
阿姆斯特丹商学院,0
诺丁汉特伦特大学,0
杜克大学,0
威斯康辛-麦迪逊大学,0
斯特灵大学,0
新西兰圣海伦斯商学院,0
金陵科学学院,0
伦敦商学院,0
江西省工学院,1
北京商学院,1
外经济贸易大学,1
中欧商学院,1
卡内基·梅隆大学,0
山东纺织工学院,1
明尼苏达大学,0
诺桑比亚大学,0
比利时联合商学院,0
法国SKEMA商学院,0
法国瓦岱勒商学院,0
欧洲管理商学院,0
新西兰梅西大学,0
英国Durham大学,0
责州大学,1
中南工学院,1
新南威尔士大学,0
南京化工学院,1
太原工学院,1
河北工学院,1
华东纺织工学院,1
巴黎高等商学院,0
陕西工商学院,1
法国图卢兹商学院,0
西交利物浦(国际)大学,1
印第安纳大学,0
英国威尔斯大学,0
科罗拉多大学,0
河南轻工学院,1
香港国际商学院,0
加拿大西安大略大学,1
南通工学院,1
苏州丝绸工学院,1
阿尔伯塔大学,0
大连轻工学院,1
德克萨斯大学,0
英国卡迪夫大学,0
安徽工商学院,1
江苏工学院,1
郑州轻工学院,1
华北工学院,1
加州阿姆斯特朗大学,0
广东工学院,1
鞍钢工学院,1
赫尔辛基商学院,0
德克萨斯阿灵顿商学院,0
中南政法学院,1
河北化工学院,1
瑞典皇家工学院,0
北京建工学院,1
布鲁克大学,0
辽宁工学院,1
桂林工学院,1
北京联大,1
瑞士洛桑国际管理发展学院,0
惠灵顿维多利亚大学,0
上海杉达大学,1
乔治城大学,0
赫瑞瓦特大学,0
西英格兰大学,0
责州工学院,1
焦作工学院,1
佳木斯工学院,1
宾夕法尼亚大学,0
日本京都大学,0
宾士法尼亚大学,0
衡阳工学院,1
湖南省会计学院,1
佛蒙特法学院,0
江苏广播大学,1
沈阳新乐工学院,1
中国科大,1
百森商学院,0
法国ICD国际商学院,0
法国格勒贝尔商学院,0
威廉与玛丽学院,0
芝加哥肯特法学院,0
怀俄明大学,0
沃顿商学院,0
台湾国立政治大学,0
四川轻化工学院,1
湘潭工学院,1
广东法学院,1
法国雷恩商学院,0
南京建工学院,1
江苏开放大学,1
首尔大学,0
高丽大学,0
太湖学院,1
西北建工学院,1
河北轻化工学院,1
巴黎HEC商学院,0
达特茅斯,0
法国ESSC商学院,0
法国昂热高等商学院,0
中欧工商学院,1
和君商学院,1
欧洲大学,0
中科商学院,1
兰斯商学院,0
英国雷丁大学,0
机械工程师进修大学,1
山东农学院,1
沈阳农学院,1
湖南农学院,1
贵州农学院,1
福建农学院,1
西北农学院,1
江苏农学院,1
华中农学院,1
盐城师范,1
湖南省中医药大学,1
北京大学,1
中国人民大学,1
清华大学,1
北京交通大学,1
北京工业大学,1
北京航空航天大学,1
北京理工大学,1
北京科技大学,1
北方工业大学,1
北京化工大学,1
北京工商大学,1
北京服装学院,1
北京邮电大学,1
北京印刷学院,1
北京建筑大学,1
北京石油化工学院,1
北京电子科技学院,1
中国农业大学,1
北京农学院,1
北京林业大学,1
北京协和医学院,1
首都医科大学,1
北京中医药大学,1
北京师范大学,1
首都师范大学,1
首都体育学院,1
北京外国语大学,1
北京第二外国语学院,1
北京语言大学,1
中国传媒大学,1
中央财经大学,1
对外经济贸易大学,1
北京物资学院,1
首都经济贸易大学,1
中国消防救援学院,1
中国人民公安大学,1
国际关系学院,1
北京体育大学,1
中央音乐学院,1
中国音乐学院,1
中央美术学院,1
中央戏剧学院,1
中国戏曲学院,1
北京电影学院,1
北京舞蹈学院,1
中央民族大学,1
中国政法大学,1
华北电力大学,1
中华女子学院,1
北京信息科技大学,1
中国矿业大学（北京）,1
中国石油大学（北京）,1
中国地质大学（北京）,1
北京联合大学,1
北京城市学院,1
中国青年政治学院,1
首钢工学院,1
中国劳动关系学院,1
北京吉利学院,1
首都师范大学科德学院,1
北京工商大学嘉华学院,1
北京邮电大学世纪学院,1
北京工业大学耿丹学院,1
北京警察学院,1
北京第二外国语学院中瑞酒店管理学院,1
中国科学院大学,1
中国社会科学院大学,1
北京工业职业技术学院,1
北京信息职业技术学院,1
北京电子科技职业学院,1
北京京北职业技术学院,1
北京交通职业技术学院,1
北京青年政治学院,1
北京农业职业学院,1
北京政法职业学院,1
北京财贸职业学院,1
北京北大方正软件职业技术学院,1
北京经贸职业学院,1
北京经济技术职业学院,1
北京戏曲艺术职业学院,1
北京汇佳职业学院,1
北京科技经营管理学院,1
北京科技职业学院,1
北京培黎职业学院,1
北京经济管理职业学院,1
北京劳动保障职业学院,1
北京社会管理职业学院,1
北京艺术传媒职业学院,1
北京体育职业学院,1
北京交通运输职业学院,1
北京卫生职业学院,1
北京网络职业学院,1
南开大学,1
天津大学,1
天津科技大学,1
天津工业大学,1
中国民航大学,1
天津理工大学,1
天津农学院,1
天津医科大学,1
天津中医药大学,1
天津师范大学,1
天津职业技术师范大学,1
天津外国语大学,1
天津商业大学,1
天津财经大学,1
天津体育学院,1
天津音乐学院,1
天津美术学院,1
天津城建大学,1
天津天狮学院,1
天津中德应用技术大学,1
天津外国语大学滨海外事学院,1
天津体育学院运动与文化艺术学院,1
天津商业大学宝德学院,1
天津医科大学临床医学院,1
南开大学滨海学院,1
天津师范大学津沽学院,1
天津理工大学中环信息学院,1
北京科技大学天津学院,1
天津大学仁爱学院,1
天津财经大学珠江学院,1
天津市职业大学,1
天津滨海职业学院,1
天津工程职业技术学院,1
天津渤海职业技术学院,1
天津电子信息职业技术学院,1
天津机电职业技术学院,1
天津现代职业技术学院,1
天津公安警官职业学院,1
天津轻工职业技术学院,1
天津商务职业学院,1
天津国土资源和房屋职业学院,1
天津医学高等专科学校,1
天津开发区职业技术学院,1
天津艺术职业学院,1
天津交通职业学院,1
天津工业职业学院,1
天津石油职业技术学院,1
天津城市职业学院,1
天津铁道职业技术学院,1
天津工艺美术职业学院,1
天津城市建设管理职业技术学院,1
天津生物工程职业技术学院,1
天津海运职业学院,1
天津广播影视职业学院,1
天津体育职业学院,1
天津滨海汽车工程职业学院,1
河北大学,1
河北工程大学,1
河北地质大学,1
河北工业大学,1
华北理工大学,1
河北科技大学,1
河北建筑工程学院,1
河北水利电力学院,1
河北农业大学,1
河北医科大学,1
河北北方学院,1
承德医学院,1
河北师范大学,1
保定学院,1
河北民族师范学院,1
唐山师范学院,1
廊坊师范学院,1
衡水学院,1
石家庄学院,1
邯郸学院,1
邢台学院,1
沧州师范学院,1
石家庄铁道大学,1
燕山大学,1
河北科技师范学院,1
唐山学院,1
华北科技学院,1
中国人民警察大学,1
河北体育学院,1
河北金融学院,1
北华航天工业学院,1
防灾科技学院,1
河北经贸大学,1
中央司法警官学院,1
河北传媒学院,1
河北工程技术学院,1
河北美术学院,1
河北科技学院,1
河北外国语学院,1
河北大学工商学院,1
华北理工大学轻工学院,1
河北科技大学理工学院,1
河北师范大学汇华学院,1
河北经贸大学经济管理学院,1
河北医科大学临床学院,1
华北电力大学科技学院,1
河北工程大学科信学院,1
河北工业大学城市学院,1
燕山大学里仁学院,1
石家庄铁道大学四方学院,1
河北地质大学华信学院,1
河北农业大学现代科技学院,1
华北理工大学冀唐学院,1
保定理工学院,1
燕京理工学院,1
北京交通大学海滨学院,1
河北东方学院,1
河北中医学院,1
张家口学院,1
河北环境工程学院,1
河北工业职业技术学院,1
邯郸职业技术学院,1
石家庄职业技术学院,1
张家口职业技术学院,1
承德石油高等专科学校,1
邢台职业技术学院,1
河北软件职业技术学院,1
河北石油职业技术学院,1
河北建材职业技术学院,1
河北政法职业学院,1
沧州职业技术学院,1
河北能源职业技术学院,1
石家庄铁路职业技术学院,1
保定职业技术学院,1
秦皇岛职业技术学院,1
石家庄工程职业学院,1
石家庄城市经济职业学院,1
唐山职业技术学院,1
衡水职业技术学院,1
唐山工业职业技术学院,1
邢台医学高等专科学校,1
河北艺术职业学院,1
河北旅游职业学院,1
石家庄财经职业学院,1
河北交通职业技术学院,1
河北化工医药职业技术学院,1
石家庄信息工程职业学院,1
河北对外经贸职业学院,1
保定电力职业技术学院,1
河北机电职业技术学院,1
渤海石油职业学院,1
廊坊职业技术学院,1
唐山科技职业技术学院,1
石家庄邮电职业技术学院,1
河北公安警察职业学院,1
石家庄工商职业学院,1
石家庄理工职业学院,1
石家庄科技信息职业学院,1
河北司法警官职业学院,1
沧州医学高等专科学校,1
河北女子职业技术学院,1
石家庄医学高等专科学校,1
石家庄经济职业学院,1
冀中职业学院,1
石家庄人民医学高等专科学校,1
石家庄科技工程职业学院,1
河北劳动关系职业学院,1
石家庄科技职业学院,1
泊头职业学院,1
宣化科技职业学院,1
廊坊燕京职业技术学院,1
承德护理职业学院,1
石家庄幼儿师范高等专科学校,1
廊坊卫生职业学院,1
河北轨道运输职业技术学院,1
保定幼儿师范高等专科学校,1
河北工艺美术职业学院,1
渤海理工职业学院,1
唐山幼儿师范高等专科学校,1
曹妃甸职业技术学院,1
承德应用技术职业学院,1
山西大学,1
太原科技大学,1
中北大学,1
太原理工大学,1
山西农业大学,1
山西医科大学,1
长治医学院,1
山西师范大学,1
太原师范学院,1
山西大同大学,1
晋中学院,1
长治学院,1
运城学院,1
忻州师范学院,1
山西财经大学,1
山西中医药大学,1
吕梁学院,1
太原学院,1
山西警察学院,1
山西应用科技学院,1
山西大学商务学院,1
太原理工大学现代科技学院,1
山西农业大学信息学院,1
山西师范大学现代文理学院,1
中北大学信息商务学院,1
太原科技大学华科学院,1
山西医科大学晋祠学院,1
山西财经大学华商学院,1
山西工商学院,1
太原工业学院,1
山西传媒学院,1
山西工程技术学院,1
山西能源学院,1
山西省财政税务专科学校,1
长治职业技术学院,1
山西艺术职业学院,1
晋城职业技术学院,1
山西建筑职业技术学院,1
山西药科职业学院,1
山西交通职业技术学院,1
大同煤炭职业技术学院,1
山西机电职业技术学院,1
山西戏剧职业学院,1
山西财贸职业技术学院,1
山西林业职业技术学院,1
山西水利职业技术学院,1
阳泉职业技术学院,1
临汾职业技术学院,1
山西职业技术学院,1
山西金融职业学院,1
太原城市职业技术学院,1
山西信息职业技术学院,1
山西体育职业学院,1
山西警官职业学院,1
山西国际商务职业学院,1
潞安职业技术学院,1
太原旅游职业学院,1
山西旅游职业学院,1
山西管理职业学院,1
山西电力职业技术学院,1
忻州职业技术学院,1
山西同文职业技术学院,1
晋中职业技术学院,1
山西华澳商贸职业学院,1
山西运城农业职业技术学院,1
运城幼儿师范高等专科学校,1
山西老区职业技术学院,1
山西经贸职业学院,1
朔州职业技术学院,1
运城职业技术学院,1
山西轻工职业技术学院,1
晋中师范高等专科学校,1
阳泉师范高等专科学校,1
山西青年职业学院,1
运城护理职业学院,1
运城师范高等专科学校,1
朔州师范高等专科学校,1
吕梁职业技术学院,1
大同师范高等专科学校,1
太原幼儿师范高等专科学校,1
山西工程职业学院,1
山西卫生健康职业学院,1
内蒙古大学,1
内蒙古科技大学,1
内蒙古工业大学,1
内蒙古农业大学,1
内蒙古医科大学,1
内蒙古师范大学,1
内蒙古民族大学,1
赤峰学院,1
内蒙古财经大学,1
呼伦贝尔学院,1
集宁师范学院,1
河套学院,1
呼和浩特民族学院,1
内蒙古大学创业学院,1
内蒙古师范大学鸿德学院,1
内蒙古艺术学院,1
鄂尔多斯应用技术学院,1
内蒙古建筑职业技术学院,1
内蒙古丰州职业学院,1
包头职业技术学院,1
兴安职业技术学院,1
呼和浩特职业学院,1
包头轻工职业技术学院,1
内蒙古电子信息职业技术学院,1
内蒙古机电职业技术学院,1
内蒙古化工职业学院,1
内蒙古商贸职业学院,1
锡林郭勒职业学院,1
内蒙古警察职业学院,1
内蒙古体育职业学院,1
乌兰察布职业学院,1
通辽职业学院,1
科尔沁艺术职业学院,1
内蒙古交通职业技术学院,1
包头钢铁职业技术学院,1
乌海职业技术学院,1
内蒙古科技职业学院,1
内蒙古北方职业技术学院,1
赤峰职业技术学院,1
内蒙古经贸外语职业学院,1
包头铁道职业技术学院,1
乌兰察布医学高等专科学校,1
鄂尔多斯职业学院,1
内蒙古工业职业学院,1
呼伦贝尔职业技术学院,1
满洲里俄语职业学院,1
内蒙古能源职业学院,1
赤峰工业职业技术学院,1
阿拉善职业技术学院,1
内蒙古美术职业学院,1
内蒙古民族幼儿师范高等专科学校,1
鄂尔多斯生态环境职业学院,1
扎兰屯职业学院,1
辽宁大学,1
大连理工大学,1
沈阳工业大学,1
沈阳航空航天大学,1
沈阳理工大学,1
东北大学,1
辽宁科技大学,1
辽宁工程技术大学,1
辽宁石油化工大学,1
沈阳化工大学,1
大连交通大学,1
大连海事大学,1
大连工业大学,1
沈阳建筑大学,1
辽宁工业大学,1
沈阳农业大学,1
大连海洋大学,1
中国医科大学,1
锦州医科大学,1
大连医科大学,1
辽宁中医药大学,1
沈阳药科大学,1
沈阳医学院,1
辽宁师范大学,1
沈阳师范大学,1
渤海大学,1
鞍山师范学院,1
大连外国语大学,1
东北财经大学,1
中国刑事警察学院,1
沈阳体育学院,1
沈阳音乐学院,1
鲁迅美术学院,1
辽宁对外经贸学院,1
沈阳大学,1
大连大学,1
辽宁科技学院,1
辽宁警察学院,1
沈阳工程学院,1
辽东学院,1
大连民族大学,1
大连理工大学城市学院,1
沈阳工业大学工程学院,1
沈阳航空航天大学北方科技学院,1
沈阳工学院,1
大连工业大学艺术与信息工程学院,1
大连科技学院,1
沈阳城市建设学院,1
中国医科大学临床医药学院,1
大连医科大学中山学院,1
锦州医科大学医疗学院,1
辽宁师范大学海华学院,1
辽宁理工学院,1
大连财经学院,1
沈阳城市学院,1
辽宁石油化工大学顺华能源学院,1
大连艺术学院,1
辽宁何氏医学院,1
沈阳科技学院,1
大连东软信息学院,1
辽宁财贸学院,1
辽宁传媒学院,1
营口理工学院,1
朝阳师范高等专科学校,1
抚顺师范高等专科学校,1
锦州师范高等专科学校,1
营口职业技术学院,1
铁岭师范高等专科学校,1
大连职业技术学院,1
辽宁农业职业技术学院,1
抚顺职业技术学院,1
辽阳职业技术学院,1
阜新高等专科学校,1
辽宁省交通高等专科学校,1
辽宁税务高等专科学校,1
盘锦职业技术学院,1
沈阳航空职业技术学院,1
辽宁体育运动职业技术学院,1
辽宁职业学院,1
辽宁生态工程职业学院,1
沈阳职业技术学院,1
辽宁理工职业学院,1
大连商务职业学院,1
辽宁金融职业学院,1
辽宁轨道交通职业学院,1
辽宁广告职业学院,1
辽宁机电职业技术学院,1
辽宁经济职业技术学院,1
辽宁石化职业技术学院,1
渤海船舶职业学院,1
大连软件职业学院,1
大连翻译职业学院,1
辽宁商贸职业学院,1
大连枫叶职业技术学院,1
辽宁装备制造职业技术学院,1
辽河石油职业技术学院,1
辽宁地质工程职业学院,1
辽宁铁道职业技术学院,1
辽宁建筑职业学院,1
大连航运职业技术学院,1
大连装备制造职业技术学院,1
大连汽车职业技术学院,1
辽宁现代服务职业技术学院,1
辽宁冶金职业技术学院,1
辽宁工程职业学院,1
辽宁城市建设职业技术学院,1
辽宁医药职业学院,1
铁岭卫生职业学院,1
沈阳北软信息职业技术学院,1
辽宁政法职业学院,1
辽宁民族师范高等专科学校,1
辽宁轻工职业学院,1
辽宁特殊教育师范高等专科学校,1
辽宁师范高等专科学校,1
吉林大学,1
延边大学,1
长春理工大学,1
东北电力大学,1
长春工业大学,1
吉林建筑大学,1
吉林化工学院,1
吉林农业大学,1
长春中医药大学,1
东北师范大学,1
北华大学,1
通化师范学院,1
吉林师范大学,1
吉林工程技术师范学院,1
长春师范大学,1
白城师范学院,1
吉林财经大学,1
吉林体育学院,1
吉林艺术学院,1
吉林外国语大学,1
吉林工商学院,1
长春工程学院,1
吉林农业科技学院,1
吉林警察学院,1
长春大学,1
长春光华学院,1
长春工业大学人文信息学院,1
长春理工大学光电信息学院,1
长春财经学院,1
吉林建筑科技学院,1
长春建筑学院,1
长春科技学院,1
吉林动画学院,1
吉林师范大学博达学院,1
长春大学旅游学院,1
东北师范大学人文学院,1
吉林医药学院,1
长春师范高等专科学校,1
辽源职业技术学院,1
四平职业大学,1
长春汽车工业高等专科学校,1
长春金融高等专科学校,1
长春医学高等专科学校,1
吉林交通职业技术学院,1
长春东方职业学院,1
吉林司法警官职业学院,1
吉林电子信息职业技术学院,1
吉林工业职业技术学院,1
吉林工程职业学院,1
长春职业技术学院,1
白城医学高等专科学校,1
长春信息技术职业学院,1
松原职业技术学院,1
吉林铁道职业技术学院,1
白城职业技术学院,1
长白山职业技术学院,1
吉林科技职业技术学院,1
延边职业技术学院,1
吉林城市职业技术学院,1
吉林职业技术学院,1
吉林水利电力职业学院,1
长春健康职业学院,1
黑龙江大学,1
哈尔滨工业大学,1
哈尔滨理工大学,1
哈尔滨工程大学,1
黑龙江科技大学,1
东北石油大学,1
佳木斯大学,1
黑龙江八一农垦大学,1
东北农业大学,1
东北林业大学,1
哈尔滨医科大学,1
黑龙江中医药大学,1
牡丹江医学院,1
哈尔滨师范大学,1
齐齐哈尔大学,1
牡丹江师范学院,1
哈尔滨学院,1
大庆师范学院,1
绥化学院,1
哈尔滨商业大学,1
哈尔滨体育学院,1
哈尔滨金融学院,1
齐齐哈尔医学院,1
黑龙江工业学院,1
黑龙江东方学院,1
哈尔滨信息工程学院,1
黑龙江工程学院,1
齐齐哈尔工程学院,1
黑龙江外国语学院,1
黑龙江财经学院,1
哈尔滨石油学院,1
黑龙江工商学院,1
哈尔滨远东理工学院,1
哈尔滨剑桥学院,1
黑龙江工程学院昆仑旅游学院,1
哈尔滨广厦学院,1
哈尔滨华德学院,1
黑河学院,1
哈尔滨音乐学院,1
齐齐哈尔高等师范专科学校,1
伊春职业学院,1
牡丹江大学,1
黑龙江职业学院,1
黑龙江建筑职业技术学院,1
黑龙江艺术职业学院,1
大庆职业学院,1
黑龙江林业职业技术学院,1
黑龙江农业职业技术学院,1
黑龙江农业工程职业学院,1
黑龙江农垦职业学院,1
黑龙江司法警官职业学院,1
鹤岗师范高等专科学校,1
哈尔滨电力职业技术学院,1
哈尔滨铁道职业技术学院,1
大兴安岭职业学院,1
黑龙江农业经济职业学院,1
哈尔滨职业技术学院,1
哈尔滨传媒职业学院,1
黑龙江生物科技职业学院,1
黑龙江商业职业学院,1
黑龙江公安警官职业学院,1
黑龙江信息技术职业学院,1
哈尔滨城市职业学院,1
黑龙江农垦科技职业学院,1
黑龙江旅游职业技术学院,1
黑龙江三江美术职业学院,1
黑龙江生态工程职业学院,1
黑龙江能源职业学院,1
七台河职业学院,1
黑龙江民族职业学院,1
大庆医学高等专科学校,1
黑龙江交通职业技术学院,1
哈尔滨应用职业技术学院,1
黑龙江幼儿师范高等专科学校,1
哈尔滨科学技术职业学院,1
佳木斯职业学院,1
黑龙江护理高等专科学校,1
齐齐哈尔理工职业学院,1
哈尔滨幼儿师范高等专科学校,1
黑龙江冰雪体育职业学院,1
哈尔滨北方航空职业技术学院,1
复旦大学,1
同济大学,1
上海交通大学,1
华东理工大学,1
上海理工大学,1
上海海事大学,1
东华大学,1
上海电力大学,1
上海应用技术大学,1
上海健康医学院,1
上海海洋大学,1
上海中医药大学,1
华东师范大学,1
上海师范大学,1
上海外国语大学,1
上海财经大学,1
上海对外经贸大学,1
上海海关学院,1
华东政法大学,1
上海体育学院,1
上海音乐学院,1
上海戏剧学院,1
上海大学,1
上海公安学院,1
上海工程技术大学,1
上海立信会计金融学院,1
上海电机学院,1
上海杉达学院,1
上海政法学院,1
上海第二工业大学,1
上海商学院,1
上海立达学院,1
上海建桥学院,1
上海兴伟学院,1
上海视觉艺术学院,1
上海外国语大学贤达经济人文学院,1
上海师范大学天华学院,1
上海科技大学,1
上海纽约大学,1
上海旅游高等专科学校,1
上海东海职业技术学院,1
上海工商职业技术学院,1
上海出版印刷高等专科学校,1
上海行健职业学院,1
上海城建职业学院,1
上海交通职业技术学院,1
上海海事职业技术学院,1
上海电子信息职业技术学院,1
上海震旦职业学院,1
上海民远职业技术学院,1
上海欧华职业技术学院,1
上海思博职业技术学院,1
上海工艺美术职业学院,1
上海济光职业技术学院,1
上海工商外国语职业学院,1
上海科学技术职业学院,1
上海农林职业技术学院,1
上海邦德职业技术学院,1
上海中侨职业技术学院,1
上海电影艺术职业学院,1
上海中华职业技术学院,1
上海工会管理职业学院,1
上海体育职业学院,1
上海民航职业技术学院,1
南京大学,1
苏州大学,1
东南大学,1
南京航空航天大学,1
南京理工大学,1
江苏科技大学,1
中国矿业大学,1
南京工业大学,1
常州大学,1
南京邮电大学,1
河海大学,1
江南大学,1
南京林业大学,1
江苏大学,1
南京信息工程大学,1
南通大学,1
盐城工学院,1
南京农业大学,1
南京医科大学,1
徐州医科大学,1
南京中医药大学,1
中国药科大学,1
南京师范大学,1
江苏师范大学,1
淮阴师范学院,1
南京财经大学,1
江苏警官学院,1
南京体育学院,1
南京艺术学院,1
苏州科技大学,1
常熟理工学院,1
淮阴工学院,1
常州工学院,1
扬州大学,1
三江学院,1
南京工程学院,1
南京审计大学,1
南京晓庄学院,1
江苏理工学院,1
江苏海洋大学,1
徐州工程学院,1
南京特殊教育师范学院,1
南通理工学院,1
南京森林警察学院,1
东南大学成贤学院,1
泰州学院,1
无锡太湖学院,1
金陵科技学院,1
中国矿业大学徐海学院,1
南京大学金陵学院,1
南京理工大学紫金学院,1
南京航空航天大学金城学院,1
中国传媒大学南广学院,1
南京理工大学泰州科技学院,1
南京师范大学泰州学院,1
南京工业大学浦江学院,1
南京师范大学中北学院,1
南京医科大学康达学院,1
南京中医药大学翰林学院,1
南京信息工程大学滨江学院,1
苏州大学文正学院,1
苏州大学应用技术学院,1
苏州科技大学天平学院,1
江苏大学京江学院,1
扬州大学广陵学院,1
江苏师范大学科文学院,1
南京邮电大学通达学院,1
南京财经大学红山学院,1
江苏科技大学苏州理工学院,1
常州大学怀德学院,1
南通大学杏林学院,1
南京审计大学金审学院,1
宿迁学院,1
江苏第二师范学院,1
西交利物浦大学,1
昆山杜克大学,1
盐城幼儿师范高等专科学校,1
苏州幼儿师范高等专科学校,1
明达职业技术学院,1
无锡职业技术学院,1
江苏建筑职业技术学院,1
南京工业职业技术学院,1
江苏工程职业技术学院,1
苏州工艺美术职业技术学院,1
连云港职业技术学院,1
镇江市高等专科学校,1
南通职业大学,1
苏州职业大学,1
沙洲职业工学院,1
扬州市职业大学,1
连云港师范高等专科学校,1
江苏经贸职业技术学院,1
九州职业技术学院,1
硅湖职业技术学院,1
泰州职业技术学院,1
常州信息职业技术学院,1
江苏联合职业技术学院,1
江苏海事职业技术学院,1
应天职业技术学院,1
无锡科技职业学院,1
江苏医药职业学院,1
扬州环境资源职业技术学院,1
南通科技职业学院,1
苏州经贸职业技术学院,1
苏州工业职业技术学院,1
苏州托普信息职业技术学院,1
苏州卫生职业技术学院,1
无锡商业职业技术学院,1
南通航运职业技术学院,1
南京交通职业技术学院,1
淮安信息职业技术学院,1
江苏农牧科技职业学院,1
常州纺织服装职业技术学院,1
苏州农业职业技术学院,1
苏州工业园区职业技术学院,1
太湖创意职业技术学院,1
炎黄职业技术学院,1
南京科技职业学院,1
正德职业技术学院,1
钟山职业技术学院,1
无锡南洋职业技术学院,1
江南影视艺术职业学院,1
金肯职业技术学院,1
常州工业职业技术学院,1
常州工程职业技术学院,1
江苏农林职业技术学院,1
江苏食品药品职业技术学院,1
建东职业技术学院,1
南京铁道职业技术学院,1
徐州工业职业技术学院,1
江苏信息职业技术学院,1
宿迁职业技术学院,1
南京信息职业技术学院,1
江海职业技术学院,1
常州机电职业技术学院,1
江阴职业技术学院,1
无锡城市职业技术学院,1
无锡工艺职业技术学院,1
金山职业技术学院,1
苏州健雄职业技术学院,1
盐城工业职业技术学院,1
江苏财经职业技术学院,1
扬州工业职业技术学院,1
苏州百年职业学院,1
昆山登云科技职业学院,1
南京视觉艺术职业学院,1
江苏城市职业学院,1
南京城市职业学院,1
南京机电职业技术学院,1
苏州高博软件技术职业学院,1
南京旅游职业学院,1
江苏卫生健康职业学院,1
苏州信息职业技术学院,1
宿迁泽达职业技术学院,1
苏州工业园区服务外包职业学院,1
徐州幼儿师范高等专科学校,1
徐州生物工程职业技术学院,1
江苏商贸职业学院,1
南通师范高等专科学校,1
扬州中瑞酒店职业学院,1
江苏护理职业学院,1
江苏财会职业学院,1
江苏城乡建设职业学院,1
江苏航空职业技术学院,1
江苏安全技术职业学院,1
江苏旅游职业学院,1
浙江大学,1
杭州电子科技大学,1
浙江工业大学,1
浙江理工大学,1
浙江海洋大学,1
浙江农林大学,1
温州医科大学,1
浙江中医药大学,1
浙江师范大学,1
杭州师范大学,1
湖州师范学院,1
绍兴文理学院,1
台州学院,1
温州大学,1
丽水学院,1
浙江工商大学,1
嘉兴学院,1
中国美术学院,1
中国计量大学,1
浙江科技学院,1
宁波工程学院,1
浙江水利水电学院,1
浙江财经大学,1
浙江警察学院,1
衢州学院,1
宁波大学,1
浙江传媒学院,1
浙江树人学院,1
浙江越秀外国语学院,1
宁波财经学院,1
浙江大学宁波理工学院,1
杭州医学院,1
浙江工业大学之江学院,1
浙江师范大学行知学院,1
宁波大学科学技术学院,1
杭州电子科技大学信息工程学院,1
浙江理工大学科技与艺术学院,1
浙江海洋大学东海科学技术学院,1
浙江农林大学暨阳学院,1
温州医科大学仁济学院,1
浙江中医药大学滨江学院,1
杭州师范大学钱江学院,1
湖州师范学院求真学院,1
绍兴文理学院元培学院,1
温州大学瓯江学院,1
浙江工商大学杭州商学院,1
嘉兴学院南湖学院,1
中国计量大学现代科技学院,1
浙江财经大学东方学院,1
温州商学院,1
同济大学浙江学院,1
上海财经大学浙江学院,1
浙江外国语学院,1
浙江音乐学院,1
西湖大学,1
宁波诺丁汉大学,1
温州肯恩大学,1
宁波职业技术学院,1
温州职业技术学院,1
浙江交通职业技术学院,1
金华职业技术学院,1
宁波城市职业技术学院,1
浙江电力职业技术学院,1
浙江同济科技职业学院,1
浙江工商职业技术学院,1
台州职业技术学院,1
浙江工贸职业技术学院,1
浙江医药高等专科学校,1
浙江机电职业技术学院,1
浙江建设职业技术学院,1
浙江艺术职业学院,1
浙江经贸职业技术学院,1
浙江商业职业技术学院,1
浙江经济职业技术学院,1
浙江旅游职业学院,1
浙江育英职业技术学院,1
浙江警官职业学院,1
浙江金融职业学院,1
浙江工业职业技术学院,1
杭州职业技术学院,1
嘉兴职业技术学院,1
湖州职业技术学院,1
绍兴职业技术学院,1
衢州职业技术学院,1
丽水职业技术学院,1
浙江东方职业技术学院,1
义乌工商职业技术学院,1
浙江纺织服装职业技术学院,1
杭州科技职业技术学院,1
浙江长征职业技术学院,1
嘉兴南洋职业技术学院,1
浙江广厦建设职业技术学院,1
杭州万向职业技术学院,1
浙江邮电职业技术学院,1
宁波卫生职业技术学院,1
台州科技职业学院,1
浙江国际海运职业技术学院,1
浙江体育职业技术学院,1
温州科技职业学院,1
浙江汽车职业技术学院,1
浙江横店影视职业学院,1
浙江农业商贸职业学院,1
浙江特殊教育职业学院,1
浙江安防职业技术学院,1
浙江舟山群岛新区旅游与健康职业学院,1
宁波幼儿师范高等专科学校,1
安徽大学,1
中国科学技术大学,1
合肥工业大学,1
安徽工业大学,1
安徽理工大学,1
安徽工程大学,1
安徽农业大学,1
安徽医科大学,1
蚌埠医学院,1
皖南医学院,1
安徽中医药大学,1
安徽师范大学,1
阜阳师范大学,1
安庆师范大学,1
淮北师范大学,1
黄山学院,1
皖西学院,1
滁州学院,1
安徽财经大学,1
宿州学院,1
巢湖学院,1
淮南师范学院,1
铜陵学院,1
安徽建筑大学,1
安徽科技学院,1
安徽三联学院,1
合肥学院,1
蚌埠学院,1
池州学院,1
安徽新华学院,1
安徽文达信息工程学院,1
亳州学院,1
安徽外国语学院,1
安徽财经大学商学院,1
安徽大学江淮学院,1
安徽信息工程学院,1
马鞍山学院,1
安徽建筑大学城市建设学院,1
安徽农业大学经济技术学院,1
安徽师范大学皖江学院,1
安徽医科大学临床医学院,1
阜阳师范大学信息工程学院,1
淮北师范大学信息学院,1
合肥师范学院,1
皖江工学院,1
安徽艺术学院,1
安徽职业技术学院,1
淮北职业技术学院,1
芜湖职业技术学院,1
淮南联合大学,1
安徽商贸职业技术学院,1
安徽水利水电职业技术学院,1
阜阳职业技术学院,1
铜陵职业技术学院,1
民办万博科技职业学院,1
安徽警官职业学院,1
淮南职业技术学院,1
安徽工业经济职业技术学院,1
合肥通用职业技术学院,1
安徽工贸职业技术学院,1
宿州职业技术学院,1
六安职业技术学院,1
安徽电子信息职业技术学院,1
民办合肥经济技术职业学院,1
安徽交通职业技术学院,1
安徽体育运动职业技术学院,1
安徽中医药高等专科学校,1
安徽医学高等专科学校,1
合肥职业技术学院,1
滁州职业技术学院,1
池州职业技术学院,1
宣城职业技术学院,1
安徽广播影视职业技术学院,1
民办合肥滨湖职业技术学院,1
安徽电气工程职业技术学院,1
安徽冶金科技职业学院,1
安徽城市管理职业学院,1
安徽机电职业技术学院,1
安徽工商职业学院,1
安徽中澳科技职业学院,1
阜阳科技职业学院,1
亳州职业技术学院,1
安徽国防科技职业学院,1
安庆职业技术学院,1
安徽艺术职业学院,1
马鞍山师范高等专科学校,1
安徽财贸职业学院,1
安徽国际商务职业学院,1
安徽公安职业学院,1
安徽林业职业技术学院,1
安徽审计职业学院,1
安徽新闻出版职业技术学院,1
安徽邮电职业技术学院,1
安徽工业职业技术学院,1
民办合肥财经职业学院,1
安庆医药高等专科学校,1
安徽涉外经济职业学院,1
安徽绿海商务职业学院,1
合肥共达职业技术学院,1
蚌埠经济技术职业学院,1
民办安徽旅游职业学院,1
徽商职业学院,1
马鞍山职业技术学院,1
安徽现代信息工程职业学院,1
安徽矿业职业技术学院,1
合肥信息技术职业学院,1
桐城师范高等专科学校,1
黄山职业技术学院,1
滁州城市职业学院,1
安徽汽车职业技术学院,1
皖西卫生职业学院,1
合肥幼儿师范高等专科学校,1
安徽长江职业学院,1
安徽扬子职业技术学院,1
安徽黄梅戏艺术职业学院,1
安徽粮食工程职业学院,1
安徽卫生健康职业学院,1
合肥科技职业学院,1
皖北卫生职业学院,1
阜阳幼儿师范高等专科学校,1
厦门大学,1
华侨大学,1
福州大学,1
福建工程学院,1
福建农林大学,1
集美大学,1
福建医科大学,1
福建中医药大学,1
福建师范大学,1
闽江学院,1
武夷学院,1
宁德师范学院,1
泉州师范学院,1
闽南师范大学,1
厦门理工学院,1
三明学院,1
龙岩学院,1
福建商学院,1
福建警察学院,1
莆田学院,1
仰恩大学,1
厦门医学院,1
厦门华厦学院,1
闽南理工学院,1
泉州职业技术大学,1
闽南科技学院,1
福州工商学院,1
厦门工学院,1
阳光学院,1
厦门大学嘉庚学院,1
福州大学至诚学院,1
集美大学诚毅学院,1
福建师范大学协和学院,1
福州外语外贸学院,1
福建江夏学院,1
泉州信息工程学院,1
福州理工学院,1
福建农林大学金山学院,1
福建技术师范学院,1
福建船政交通职业学院,1
漳州职业技术学院,1
闽西职业技术学院,1
黎明职业大学,1
福建华南女子职业学院,1
福州职业技术学院,1
福建林业职业技术学院,1
福建信息职业技术学院,1
福建水利电力职业技术学院,1
福建电力职业技术学院,1
厦门海洋职业技术学院,1
福建农业职业技术学院,1
福建卫生职业技术学院,1
泉州医学高等专科学校,1
福州英华职业学院,1
泉州纺织服装职业学院,1
泉州华光职业学院,1
福建警官职业学院,1
闽北职业技术学院,1
福州黎明职业技术学院,1
厦门演艺职业学院,1
厦门华天涉外职业技术学院,1
福州科技职业技术学院,1
泉州经贸职业技术学院,1
福建对外经济贸易职业技术学院,1
湄洲湾职业技术学院,1
福建生物工程职业技术学院,1
福建艺术职业学院,1
福建幼儿师范高等专科学校,1
厦门城市职业学院,1
泉州工艺美术职业学院,1
三明医学科技职业学院,1
宁德职业技术学院,1
福州软件职业技术学院,1
厦门兴才职业技术学院,1
厦门软件职业技术学院,1
福建体育职业技术学院,1
漳州城市职业学院,1
厦门南洋职业学院,1
厦门东海职业技术学院,1
漳州科技职业学院,1
漳州理工职业学院,1
武夷山职业学院,1
漳州卫生职业学院,1
泉州海洋职业学院,1
泉州轻工职业学院,1
厦门安防科技职业学院,1
泉州幼儿师范高等专科学校,1
闽江师范高等专科学校,1
泉州工程职业技术学院,1
福州墨尔本理工职业学院,1
南昌大学,1
华东交通大学,1
东华理工大学,1
南昌航空大学,1
江西理工大学,1
景德镇陶瓷大学,1
江西农业大学,1
江西中医药大学,1
赣南医学院,1
江西师范大学,1
上饶师范学院,1
宜春学院,1
赣南师范大学,1
井冈山大学,1
江西财经大学,1
江西科技学院,1
景德镇学院,1
萍乡学院,1
江西科技师范大学,1
南昌工程学院,1
江西警察学院,1
新余学院,1
九江学院,1
江西工程学院,1
南昌理工学院,1
江西应用科技学院,1
江西服装学院,1
南昌职业大学,1
南昌工学院,1
南昌大学科学技术学院,1
南昌大学共青学院,1
华东交通大学理工学院,1
东华理工大学长江学院,1
南昌航空大学科技学院,1
江西理工大学应用科学学院,1
景德镇陶瓷大学科技艺术学院,1
江西农业大学南昌商学院,1
江西中医药大学科技学院,1
江西师范大学科学技术学院,1
赣南师范大学科技学院,1
江西科技师范大学理工学院,1
江西财经大学现代经济管理学院,1
豫章师范学院,1
江西软件职业技术大学,1
南昌师范学院,1
上饶幼儿师范高等专科学校,1
抚州幼儿师范高等专科学校,1
江西工业职业技术学院,1
江西医学高等专科学校,1
九江职业大学,1
九江职业技术学院,1
江西司法警官职业学院,1
江西陶瓷工艺美术职业技术学院,1
江西旅游商贸职业学院,1
江西电力职业技术学院,1
江西环境工程职业学院,1
江西艺术职业学院,1
鹰潭职业技术学院,1
江西信息应用职业技术学院,1
江西交通职业技术学院,1
江西财经职业学院,1
江西应用技术职业学院,1
江西现代职业技术学院,1
江西工业工程职业技术学院,1
江西机电职业技术学院,1
江西科技职业学院,1
江西外语外贸职业学院,1
江西工业贸易职业技术学院,1
宜春职业技术学院,1
江西应用工程职业学院,1
江西生物科技职业学院,1
江西建设职业技术学院,1
抚州职业技术学院,1
江西中医药高等专科学校,1
江西经济管理职业学院,1
江西制造职业技术学院,1
江西工程职业学院,1
江西青年职业学院,1
上饶职业技术学院,1
江西航空职业技术学院,1
江西农业工程职业学院,1
赣西科技职业学院,1
江西卫生职业学院,1
江西新能源科技职业学院,1
江西枫林涉外经贸职业学院,1
江西泰豪动漫职业学院,1
江西冶金职业技术学院,1
江西管理职业学院,1
江西传媒职业学院,1
江西工商职业技术学院,1
景德镇陶瓷职业技术学院,1
共青科技职业学院,1
赣州师范高等专科学校,1
江西水利职业学院,1
宜春幼儿师范高等专科学校,1
吉安职业技术学院,1
江西洪州职业学院,1
江西师范高等专科学校,1
南昌影视传播职业学院,1
赣南卫生健康职业学院,1
萍乡卫生职业学院,1
江西婺源茶业职业学院,1
赣州职业技术学院,1
山东大学,1
中国海洋大学,1
山东科技大学,1
中国石油大学（华东）,1
青岛科技大学,1
济南大学,1
青岛理工大学,1
山东建筑大学,1
齐鲁工业大学,1
山东理工大学,1
山东农业大学,1
青岛农业大学,1
潍坊医学院,1
山东第一医科大学,1
滨州医学院,1
山东中医药大学,1
济宁医学院,1
山东师范大学,1
曲阜师范大学,1
聊城大学,1
德州学院,1
滨州学院,1
鲁东大学,1
临沂大学,1
泰山学院,1
济宁学院,1
菏泽学院,1
山东财经大学,1
山东体育学院,1
山东艺术学院,1
齐鲁医药学院,1
青岛滨海学院,1
枣庄学院,1
山东工艺美术学院,1
青岛大学,1
烟台大学,1
潍坊学院,1
山东警察学院,1
山东交通学院,1
山东工商学院,1
山东女子学院,1
烟台南山学院,1
潍坊科技学院,1
山东英才学院,1
青岛恒星科技学院,1
青岛黄海学院,1
山东现代学院,1
山东协和学院,1
山东工程职业技术大学,1
烟台大学文经学院,1
聊城大学东昌学院,1
青岛理工大学琴岛学院,1
潍坊理工学院,1
山东财经大学燕山学院,1
中国石油大学胜利学院,1
山东外国语职业技术大学,1
山东科技大学泰山科技学院,1
山东华宇工学院,1
山东外事职业大学,1
青岛工学院,1
青岛农业大学海都学院,1
齐鲁理工学院,1
山东财经大学东方学院,1
济南大学泉城学院,1
山东政法学院,1
齐鲁师范学院,1
山东青年政治学院,1
北京电影学院现代创意媒体学院,1
山东管理学院,1
山东农业工程学院,1
山东医学高等专科学校,1
菏泽医学专科学校,1
山东商业职业技术学院,1
山东电力高等专科学校,1
日照职业技术学院,1
曲阜远东职业技术学院,1
青岛职业技术学院,1
威海职业学院,1
山东职业学院,1
山东劳动职业技术学院,1
莱芜职业技术学院,1
济宁职业技术学院,1
潍坊职业学院,1
烟台职业学院,1
东营职业学院,1
聊城职业技术学院,1
滨州职业学院,1
山东科技职业学院,1
山东服装职业学院,1
德州科技职业学院,1
山东力明科技职业学院,1
山东圣翰财贸职业学院,1
山东水利职业学院,1
山东畜牧兽医职业学院,1
青岛飞洋职业技术学院,1
东营科技职业学院,1
山东交通职业学院,1
淄博职业学院,1
山东外贸职业学院,1
青岛酒店管理职业技术学院,1
山东信息职业技术学院,1
青岛港湾职业技术学院,1
山东胜利职业学院,1
山东经贸职业学院,1
山东工业职业学院,1
山东化工职业学院,1
青岛求实职业技术学院,1
济南职业学院,1
烟台工程职业技术学院,1
潍坊工商职业学院,1
德州职业技术学院,1
枣庄科技职业学院,1
淄博师范高等专科学校,1
山东中医药高等专科学校,1
济南工程职业技术学院,1
山东电子职业技术学院,1
山东旅游职业学院,1
山东铝业职业学院,1
山东杏林科技职业学院,1
泰山职业技术学院,1
山东药品食品职业学院,1
山东商务职业学院,1
山东轻工职业学院,1
山东城市建设职业学院,1
烟台汽车工程职业学院,1
山东司法警官职业学院,1
菏泽家政职业学院,1
山东传媒职业学院,1
临沂职业学院,1
枣庄职业学院,1
山东理工职业学院,1
山东文化产业职业学院,1
青岛远洋船员职业学院,1
济南幼儿师范高等专科学校,1
济南护理职业学院,1
泰山护理职业学院,1
山东海事职业学院,1
潍坊护理职业学院,1
潍坊工程职业学院,1
菏泽职业学院,1
山东艺术设计职业学院,1
威海海洋职业学院,1
山东特殊教育职业学院,1
烟台黄金职业学院,1
日照航海工程职业学院,1
青岛工程职业学院,1
华北水利水电大学,1
郑州大学,1
河南理工大学,1
郑州轻工业大学,1
河南工业大学,1
河南科技大学,1
中原工学院,1
河南农业大学,1
河南科技学院,1
河南牧业经济学院,1
河南中医药大学,1
新乡医学院,1
河南大学,1
河南师范大学,1
信阳师范学院,1
周口师范学院,1
安阳师范学院,1
许昌学院,1
南阳师范学院,1
洛阳师范学院,1
商丘师范学院,1
河南财经政法大学,1
郑州航空工业管理学院,1
黄淮学院,1
平顶山学院,1
郑州工程技术学院,1
洛阳理工学院,1
新乡学院,1
信阳农林学院,1
河南工学院,1
安阳工学院,1
河南工程学院,1
河南财政金融学院,1
南阳理工学院,1
河南城建学院,1
河南警察学院,1
黄河科技学院,1
铁道警察学院,1
郑州科技学院,1
郑州工业应用技术学院,1
郑州师范学院,1
郑州财经学院,1
黄河交通学院,1
商丘工学院,1
河南大学民生学院,1
河南师范大学新联学院,1
信阳学院,1
安阳学院,1
新乡医学院三全学院,1
河南科技学院新科学院,1
郑州工商学院,1
中原工学院信息商务学院,1
商丘学院,1
郑州商学院,1
河南科技职业大学,1
郑州升达经贸管理学院,1
郑州西亚斯学院,1
河南职业技术学院,1
漯河职业技术学院,1
三门峡职业技术学院,1
郑州铁路职业技术学院,1
开封大学,1
焦作大学,1
濮阳职业技术学院,1
郑州电力高等专科学校,1
黄河水利职业技术学院,1
许昌职业技术学院,1
河南工业和信息化职业学院,1
河南水利与环境职业学院,1
商丘职业技术学院,1
平顶山工业职业技术学院,1
周口职业技术学院,1
济源职业技术学院,1
河南司法警官职业学院,1
鹤壁职业技术学院,1
河南工业职业技术学院,1
郑州澍青医学高等专科学校,1
焦作师范高等专科学校,1
河南检察职业学院,1
河南质量工程职业学院,1
郑州信息科技职业学院,1
漯河医学高等专科学校,1
南阳医学高等专科学校,1
商丘医学高等专科学校,1
郑州电子信息职业技术学院,1
信阳职业技术学院,1
嵩山少林武术职业学院,1
郑州工业安全职业学院,1
永城职业学院,1
河南经贸职业学院,1
河南交通职业技术学院,1
河南农业职业学院,1
郑州旅游职业学院,1
郑州职业技术学院,1
河南信息统计职业学院,1
河南林业职业学院,1
河南工业贸易职业学院,1
郑州电力职业技术学院,1
河南建筑职业技术学院,1
漯河食品职业学院,1
郑州城市职业学院,1
安阳职业技术学院,1
新乡职业技术学院,1
驻马店职业技术学院,1
焦作工贸职业学院,1
许昌陶瓷职业学院,1
郑州理工职业学院,1
郑州信息工程职业学院,1
长垣烹饪职业技术学院,1
开封文化艺术职业学院,1
河南应用技术职业学院,1
河南艺术职业学院,1
河南机电职业学院,1
河南护理职业学院,1
许昌电气职业学院,1
信阳涉外职业技术学院,1
鹤壁汽车工程职业学院,1
南阳职业学院,1
郑州商贸旅游职业学院,1
河南推拿职业学院,1
洛阳职业技术学院,1
郑州幼儿师范高等专科学校,1
安阳幼儿师范高等专科学校,1
郑州黄河护理职业学院,1
河南医学高等专科学校,1
郑州财税金融职业学院,1
南阳农业职业学院,1
洛阳科技职业学院,1
鹤壁能源化工职业学院,1
平顶山文化艺术职业学院,1
濮阳医学高等专科学校,1
驻马店幼儿师范高等专科学校,1
三门峡社会管理职业学院,1
河南轻工职业学院,1
河南测绘职业学院,1
信阳航空职业学院,1
郑州卫生健康职业学院,1
河南物流职业学院,1
河南地矿职业学院,1
平顶山职业技术学院,1
郑州亚欧交通职业学院,1
武汉大学,1
华中科技大学,1
武汉科技大学,1
长江大学,1
武汉工程大学,1
中国地质大学（武汉）,1
武汉纺织大学,1
武汉轻工大学,1
武汉理工大学,1
湖北工业大学,1
华中农业大学,1
湖北中医药大学,1
华中师范大学,1
湖北大学,1
湖北师范大学,1
黄冈师范学院,1
湖北民族大学,1
汉江师范学院,1
湖北文理学院,1
武汉体育学院,1
湖北美术学院,1
中南民族大学,1
湖北汽车工业学院,1
湖北工程学院,1
湖北理工学院,1
湖北科技学院,1
湖北医药学院,1
江汉大学,1
三峡大学,1
湖北警官学院,1
荆楚理工学院,1
武汉音乐学院,1
湖北经济学院,1
武汉商学院,1
武汉东湖学院,1
汉口学院,1
武昌首义学院,1
武昌理工学院,1
武汉生物工程学院,1
武汉晴川学院,1
湖北大学知行学院,1
武汉科技大学城市学院,1
三峡大学科技学院,1
湖北工业大学工程技术学院,1
武汉工程大学邮电与信息工程学院,1
武汉纺织大学外经贸学院,1
武昌工学院,1
武汉工商学院,1
长江大学工程技术学院,1
长江大学文理学院,1
湖北商贸学院,1
湖北汽车工业学院科技学院,1
湖北医药学院药护学院,1
湖北民族大学科技学院,1
湖北经济学院法商学院,1
武汉体育学院体育科技学院,1
湖北师范大学文理学院,1
湖北文理学院理工学院,1
湖北工程学院新技术学院,1
文华学院,1
武汉学院,1
武汉工程科技学院,1
武汉华夏理工学院,1
武汉传媒学院,1
武汉设计工程学院,1
湖北第二师范学院,1
武汉职业技术学院,1
黄冈职业技术学院,1
长江职业学院,1
荆州理工职业学院,1
湖北工业职业技术学院,1
鄂州职业大学,1
武汉城市职业学院,1
湖北职业技术学院,1
武汉船舶职业技术学院,1
恩施职业技术学院,1
襄阳职业技术学院,1
武汉工贸职业学院,1
荆州职业技术学院,1
武汉工程职业技术学院,1
仙桃职业学院,1
湖北轻工职业技术学院,1
湖北交通职业技术学院,1
湖北中医药高等专科学校,1
武汉航海职业技术学院,1
武汉铁路职业技术学院,1
武汉软件工程职业学院,1
湖北三峡职业技术学院,1
随州职业技术学院,1
武汉电力职业技术学院,1
湖北水利水电职业技术学院,1
湖北城市建设职业技术学院,1
武汉警官职业学院,1
湖北生物科技职业学院,1
湖北开放职业学院,1
武汉科技职业学院,1
武汉外语外事职业学院,1
武汉信息传播职业技术学院,1
武昌职业学院,1
武汉商贸职业学院,1
湖北艺术职业学院,1
武汉交通职业学院,1
咸宁职业技术学院,1
长江工程职业技术学院,1
江汉艺术职业学院,1
武汉民政职业学院,1
鄂东职业技术学院,1
湖北财税职业学院,1
黄冈科技职业学院,1
湖北国土资源职业学院,1
湖北生态工程职业技术学院,1
三峡电力职业学院,1
湖北科技职业学院,1
湖北青年职业学院,1
湖北工程职业学院,1
三峡旅游职业技术学院,1
天门职业学院,1
湖北体育职业学院,1
襄阳汽车职业技术学院,1
湖北幼儿师范高等专科学校,1
湖北铁道运输职业学院,1
武汉海事职业学院,1
长江艺术工程职业学院,1
荆门职业学院,1
武汉铁路桥梁职业学院,1
武汉光谷职业学院,1
湘潭大学,1
吉首大学,1
湖南大学,1
中南大学,1
湖南科技大学,1
长沙理工大学,1
湖南农业大学,1
中南林业科技大学,1
湖南中医药大学,1
湖南师范大学,1
湖南理工学院,1
湘南学院,1
衡阳师范学院,1
邵阳学院,1
怀化学院,1
湖南文理学院,1
湖南科技学院,1
湖南人文科技学院,1
湖南工商大学,1
南华大学,1
长沙医学院,1
长沙学院,1
湖南工程学院,1
湖南城市学院,1
湖南工学院,1
湖南财政经济学院,1
湖南警察学院,1
湖南工业大学,1
湖南女子学院,1
湖南第一师范学院,1
湖南医药学院,1
湖南涉外经济学院,1
湘潭大学兴湘学院,1
湖南工业大学科技学院,1
湖南科技大学潇湘学院,1
南华大学船山学院,1
湖南工商大学北津学院,1
湖南师范大学树达学院,1
湖南农业大学东方科技学院,1
中南林业科技大学涉外学院,1
湖南文理学院芙蓉学院,1
湖南理工学院南湖学院,1
衡阳师范学院南岳学院,1
湖南工程学院应用技术学院,1
湖南中医药大学湘杏学院,1
吉首大学张家界学院,1
长沙理工大学城南学院,1
长沙师范学院,1
湖南应用技术学院,1
湖南信息学院,1
湖南交通工程学院,1
湘中幼儿师范高等专科学校,1
长沙民政职业技术学院,1
湖南工业职业技术学院,1
株洲师范高等专科学校,1
湖南信息职业技术学院,1
湖南税务高等专科学校,1
湖南冶金职业技术学院,1
长沙航空职业技术学院,1
湖南大众传媒职业技术学院,1
永州职业技术学院,1
湖南铁道职业技术学院,1
湖南科技职业学院,1
湖南生物机电职业技术学院,1
湖南交通职业技术学院,1
湖南商务职业技术学院,1
湖南体育职业学院,1
湖南工程职业技术学院,1
保险职业学院,1
湖南外贸职业学院,1
湖南网络工程职业学院,1
邵阳职业技术学院,1
湖南司法警官职业学院,1
长沙商贸旅游职业技术学院,1
湖南环境生物职业技术学院,1
湖南邮电职业技术学院,1
湘潭医卫职业技术学院,1
郴州职业技术学院,1
娄底职业技术学院,1
张家界航空工业职业技术学院,1
长沙环境保护职业技术学院,1
湖南艺术职业学院,1
湖南机电职业技术学院,1
长沙职业技术学院,1
怀化职业技术学院,1
岳阳职业技术学院,1
常德职业技术学院,1
长沙南方职业学院,1
潇湘职业学院,1
湖南化工职业技术学院,1
湖南城建职业技术学院,1
湖南石油化工职业技术学院,1
湖南中医药高等专科学校,1
湖南民族职业学院,1
湘西民族职业技术学院,1
湖南财经工业职业技术学院,1
益阳职业技术学院,1
湖南工艺美术职业学院,1
湖南九嶷职业技术学院,1
湖南理工职业技术学院,1
湖南软件职业学院,1
湖南汽车工程职业学院,1
长沙电力职业技术学院,1
湖南水利水电职业技术学院,1
湖南现代物流职业技术学院,1
湖南高速铁路职业技术学院,1
湖南铁路科技职业技术学院,1
湖南安全技术职业学院,1
湖南电气职业技术学院,1
湖南外国语职业学院,1
益阳医学高等专科学校,1
湖南都市职业学院,1
湖南电子科技职业学院,1
湖南国防工业职业技术学院,1
湖南高尔夫旅游职业学院,1
湖南工商职业学院,1
湖南三一工业职业技术学院,1
长沙卫生职业学院,1
湖南食品药品职业学院,1
湖南有色金属职业技术学院,1
湖南吉利汽车职业技术学院,1
湖南幼儿师范高等专科学校,1
湘南幼儿师范高等专科学校,1
湖南劳动人事职业学院,1
怀化师范高等专科学校,1
中山大学,1
暨南大学,1
汕头大学,1
华南理工大学,1
华南农业大学,1
广东海洋大学,1
广州医科大学,1
广东医科大学,1
广州中医药大学,1
广东药科大学,1
华南师范大学,1
韶关学院,1
惠州学院,1
韩山师范学院,1
岭南师范学院,1
肇庆学院,1
嘉应学院,1
广州体育学院,1
广州美术学院,1
星海音乐学院,1
广东技术师范大学,1
深圳大学,1
广东财经大学,1
广东白云学院,1
广州大学,1
广州航海学院,1
广东警官学院,1
仲恺农业工程学院,1
五邑大学,1
广东金融学院,1
电子科技大学中山学院,1
广东石油化工学院,1
东莞理工学院,1
广东工业大学,1
广东外语外贸大学,1
佛山科学技术学院,1
广东培正学院,1
南方医科大学,1
广东东软学院,1
华南理工大学广州学院,1
广州大学华软软件学院,1
中山大学南方学院,1
广东外语外贸大学南国商学院,1
广东财经大学华商学院,1
广东海洋大学寸金学院,1
华南农业大学珠江学院,1
广东技术师范大学天河学院,1
北京师范大学珠海分校,1
广东工业大学华立学院,1
广州大学松田学院,1
广州商学院,1
北京理工大学珠海学院,1
吉林大学珠海学院,1
广州工商学院,1
广州科技职业技术大学,1
广东科技学院,1
广东理工学院,1
广东工商职业技术大学,1
东莞理工学院城市学院,1
中山大学新华学院,1
广东第二师范学院,1
南方科技大学,1
深圳技术大学,1
北京师范大学-香港浸会大学联合国际学院,1
香港中文大学（深圳）,1
深圳北理莫斯科大学,1
广东以色列理工学院,1
顺德职业技术学院,1
广东轻工职业技术学院,1
广东交通职业技术学院,1
广东水利电力职业技术学院,1
潮汕职业技术学院,1
深圳职业技术学院,1
广东南华工商职业学院,1
私立华联学院,1
广州民航职业技术学院,1
广州番禺职业技术学院,1
广东松山职业技术学院,1
广东农工商职业技术学院,1
广东新安职业技术学院,1
佛山职业技术学院,1
广东科学技术职业学院,1
广东食品药品职业学院,1
广州康大职业技术学院,1
珠海艺术职业学院,1
广东行政职业学院,1
广东体育职业技术学院,1
广东职业技术学院,1
广东建设职业技术学院,1
广东女子职业技术学院,1
广东机电职业技术学院,1
广东岭南职业技术学院,1
汕尾职业技术学院,1
罗定职业技术学院,1
阳江职业技术学院,1
河源职业技术学院,1
广东邮电职业技术学院,1
汕头职业技术学院,1
揭阳职业技术学院,1
深圳信息职业技术学院,1
清远职业技术学院,1
广东工贸职业技术学院,1
广东司法警官职业学院,1
广东亚视演艺职业学院,1
广东省外语艺术职业学院,1
广东文艺职业学院,1
广州体育职业技术学院,1
广州工程技术职业学院,1
中山火炬职业技术学院,1
江门职业技术学院,1
茂名职业技术学院,1
珠海城市职业技术学院,1
广州涉外经济职业技术学院,1
广州南洋理工职业学院,1
惠州经济职业技术学院,1
肇庆医学高等专科学校,1
广州现代信息工程职业技术学院,1
广东理工职业学院,1
广州华南商贸职业学院,1
广州华立科技职业学院,1
广州城市职业学院,1
广东工程职业技术学院,1
广州铁路职业技术学院,1
广东科贸职业学院,1
广州科技贸易职业学院,1
中山职业技术学院,1
广州珠江职业技术学院,1
广州松田职业学院,1
广东文理职业学院,1
广州城建职业学院,1
东莞职业技术学院,1
广东南方职业学院,1
广州华商职业学院,1
广州华夏职业学院,1
广东环境保护工程职业学院,1
广东青年职业学院,1
广州东华职业学院,1
广东创新科技职业学院,1
广东舞蹈戏剧职业学院,1
惠州卫生职业技术学院,1
广东信息工程职业学院,1
广东生态工程职业学院,1
惠州城市职业学院,1
广东碧桂园职业学院,1
广东茂名健康职业学院,1
广东酒店管理职业技术学院,1
广东茂名幼儿师范专科学校,1
广州卫生职业技术学院,1
惠州工程职业学院,1
广东江门中医药职业学院,1
广东茂名农林科技职业学院,1
广东江门幼儿师范高等专科学校,1
广东财贸职业学院,1
湛江幼儿师范专科学校,1
广西大学,1
广西科技大学,1
桂林电子科技大学,1
桂林理工大学,1
广西医科大学,1
右江民族医学院,1
广西中医药大学,1
桂林医学院,1
广西师范大学,1
南宁师范大学,1
广西民族师范学院,1
河池学院,1
玉林师范学院,1
广西艺术学院,1
广西民族大学,1
百色学院,1
梧州学院,1
广西科技师范学院,1
广西财经学院,1
南宁学院,1
北部湾大学,1
桂林航天工业学院,1
桂林旅游学院,1
贺州学院,1
广西警察学院,1
北海艺术设计学院,1
广西大学行健文理学院,1
广西科技大学鹿山学院,1
广西民族大学相思湖学院,1
广西师范大学漓江学院,1
南宁师范大学师园学院,1
广西中医药大学赛恩斯新医药学院,1
桂林电子科技大学信息科技学院,1
桂林理工大学博文管理学院,1
广西外国语学院,1
北京航空航天大学北海学院,1
广西城市职业大学,1
广西职业师范学院,1
桂林生命与健康职业技术学院,1
广西机电职业技术学院,1
广西体育高等专科学校,1
南宁职业技术学院,1
广西水利电力职业技术学院,1
桂林师范高等专科学校,1
广西职业技术学院,1
柳州职业技术学院,1
广西生态工程职业技术学院,1
广西交通职业技术学院,1
广西工业职业技术学院,1
广西国际商务职业技术学院,1
广西农业职业技术学院,1
柳州铁道职业技术学院,1
广西建设职业技术学院,1
广西现代职业技术学院,1
北海职业学院,1
桂林山水职业学院,1
广西经贸职业技术学院,1
广西工商职业技术学院,1
广西演艺职业学院,1
广西电力职业技术学院,1
广西英华国际职业学院,1
柳州城市职业学院,1
百色职业学院,1
广西工程职业学院,1
广西理工职业技术学院,1
梧州职业学院,1
广西经济职业学院,1
广西幼儿师范高等专科学校,1
广西科技职业学院,1
广西卫生职业技术学院,1
广西培贤国际职业学院,1
广西金融职业技术学院,1
广西中远职业学院,1
玉柴职业技术学院,1
广西蓝天航空职业学院,1
广西安全工程职业技术学院,1
广西自然资源职业技术学院,1
崇左幼儿师范高等专科学校,1
海南大学,1
海南热带海洋学院,1
海南师范大学,1
海南医学院,1
海口经济学院,1
琼台师范学院,1
三亚学院,1
海南科技职业大学,1
海南职业技术学院,1
三亚城市职业学院,1
海南软件职业技术学院,1
海南政法职业学院,1
海南外国语职业学院,1
海南经贸职业技术学院,1
海南工商职业学院,1
三亚航空旅游职业学院,1
三亚理工职业学院,1
海南体育职业技术学院,1
三亚中瑞酒店管理职业学院,1
海南健康管理职业技术学院,1
重庆大学,1
重庆邮电大学,1
重庆交通大学,1
重庆医科大学,1
西南大学,1
重庆师范大学,1
重庆文理学院,1
重庆三峡学院,1
长江师范学院,1
四川外国语大学,1
西南政法大学,1
四川美术学院,1
重庆科技学院,1
重庆理工大学,1
重庆工商大学,1
重庆机电职业技术大学,1
重庆工程学院,1
重庆大学城市科技学院,1
重庆警察学院,1
重庆人文科技学院,1
四川外国语大学重庆南方翻译学院,1
重庆师范大学涉外商贸学院,1
重庆工商大学融智学院,1
重庆工商大学派斯学院,1
重庆邮电大学移通学院,1
重庆第二师范学院,1
重庆航天职业技术学院,1
重庆电力高等专科学校,1
重庆工业职业技术学院,1
重庆三峡职业学院,1
重庆工贸职业技术学院,1
重庆电子工程职业学院,1
重庆海联职业技术学院,1
重庆信息技术职业学院,1
重庆传媒职业学院,1
重庆城市管理职业学院,1
重庆工程职业技术学院,1
重庆房地产职业学院,1
重庆城市职业学院,1
重庆水利电力职业技术学院,1
重庆工商职业学院,1
重庆应用技术职业学院,1
重庆三峡医药高等专科学校,1
重庆医药高等专科学校,1
重庆青年职业技术学院,1
重庆财经职业学院,1
重庆科创职业学院,1
重庆建筑工程职业学院,1
重庆电讯职业学院,1
重庆能源职业学院,1
重庆商务职业学院,1
重庆交通职业学院,1
重庆化工职业学院,1
重庆旅游职业学院,1
重庆安全技术职业学院,1
重庆公共运输职业学院,1
重庆艺术工程职业学院,1
重庆轻工职业学院,1
重庆电信职业学院,1
重庆经贸职业学院,1
重庆幼儿师范高等专科学校,1
重庆文化艺术职业学院,1
重庆科技职业学院,1
重庆资源与环境保护职业学院,1
重庆护理职业学院,1
四川大学,1
西南交通大学,1
电子科技大学,1
西南石油大学,1
成都理工大学,1
西南科技大学,1
成都信息工程大学,1
四川轻化工大学,1
西华大学,1
中国民用航空飞行学院,1
四川农业大学,1
西昌学院,1
西南医科大学,1
成都中医药大学,1
川北医学院,1
四川师范大学,1
西华师范大学,1
绵阳师范学院,1
内江师范学院,1
宜宾学院,1
四川文理学院,1
阿坝师范学院,1
乐山师范学院,1
西南财经大学,1
成都体育学院,1
四川音乐学院,1
西南民族大学,1
成都大学,1
成都工业学院,1
攀枝花学院,1
四川旅游学院,1
四川民族学院,1
四川警察学院,1
成都东软学院,1
成都艺术职业大学,1
电子科技大学成都学院,1
成都理工大学工程技术学院,1
四川传媒学院,1
成都信息工程大学银杏酒店管理学院,1
成都文理学院,1
四川工商学院,1
四川外国语大学成都学院,1
成都医学院,1
四川工业科技学院,1
四川大学锦城学院,1
西南财经大学天府学院,1
四川大学锦江学院,1
四川文化艺术学院,1
西南科技大学城市学院,1
西南交通大学希望学院,1
成都师范学院,1
四川电影电视学院,1
成都纺织高等专科学校,1
民办四川天一学院,1
成都航空职业技术学院,1
四川电力职业技术学院,1
成都职业技术学院,1
四川化工职业技术学院,1
四川水利职业技术学院,1
南充职业技术学院,1
内江职业技术学院,1
四川航天职业技术学院,1
四川邮电职业技术学院,1
四川机电职业技术学院,1
绵阳职业技术学院,1
四川交通职业技术学院,1
四川工商职业技术学院,1
四川工程职业技术学院,1
四川建筑职业技术学院,1
达州职业技术学院,1
四川托普信息技术职业学院,1
四川国际标榜职业学院,1
成都农业科技职业学院,1
宜宾职业技术学院,1
泸州职业技术学院,1
眉山职业技术学院,1
四川职业技术学院,1
乐山职业技术学院,1
雅安职业技术学院,1
四川商务职业学院,1
四川司法警官职业学院,1
广安职业技术学院,1
四川信息职业技术学院,1
四川文化传媒职业学院,1
四川华新现代职业学院,1
四川铁道职业学院,1
四川艺术职业学院,1
四川中医药高等专科学校,1
四川科技职业学院,1
四川文化产业职业学院,1
四川财经职业学院,1
四川城市职业学院,1
四川现代职业学院,1
四川幼儿师范高等专科学校,1
四川长江职业学院,1
四川三河职业学院,1
川北幼儿师范高等专科学校,1
四川卫生康复职业学院,1
四川汽车职业技术学院,1
巴中职业技术学院,1
四川希望汽车职业学院,1
四川电子机械职业技术学院,1
四川文轩职业学院,1
川南幼儿师范高等专科学校,1
四川护理职业学院,1
成都工业职业技术学院,1
四川西南航空职业学院,1
成都工贸职业技术学院,1
四川应用技术职业学院,1
西昌民族幼儿师范高等专科学校,1
眉山药科职业学院,1
天府新区信息职业学院,1
德阳城市轨道交通职业学院,1
德阳科贸职业学院,1
江阳城建职业学院,1
天府新区航空旅游职业学院,1
天府新区通用航空职业学院,1
阿坝职业学院,1
达州中医药职业学院,1
内江卫生与健康职业学院,1
南充科技职业学院,1
攀枝花攀西职业学院,1
资阳口腔职业学院,1
资阳环境科技职业学院,1
广元中核职业技术学院,1
四川体育职业学院,1
贵州大学,1
贵州医科大学,1
遵义医科大学,1
贵州中医药大学,1
贵州师范大学,1
遵义师范学院,1
铜仁学院,1
兴义民族师范学院,1
安顺学院,1
贵州工程应用技术学院,1
凯里学院,1
黔南民族师范学院,1
贵州财经大学,1
贵州民族大学,1
贵阳学院,1
六盘水师范学院,1
贵州商学院,1
贵州警察学院,1
贵州中医药大学时珍学院,1
贵州财经大学商务学院,1
贵州大学科技学院,1
贵州大学明德学院,1
贵州民族大学人文科技学院,1
贵州师范大学求是学院,1
遵义医科大学医学与科技学院,1
贵州医科大学神奇民族医药学院,1
贵州师范学院,1
贵州理工学院,1
茅台学院,1
黔南民族医学高等专科学校,1
贵州交通职业技术学院,1
贵州航天职业技术学院,1
贵州电子信息职业技术学院,1
安顺职业技术学院,1
黔东南民族职业技术学院,1
黔南民族职业技术学院,1
遵义职业技术学院,1
贵州城市职业学院,1
贵州工业职业技术学院,1
贵州电力职业技术学院,1
六盘水职业技术学院,1
铜仁职业技术学院,1
黔西南民族职业技术学院,1
贵州轻工职业技术学院,1
遵义医药高等专科学校,1
贵阳护理职业学院,1
贵阳职业技术学院,1
毕节职业技术学院,1
贵州职业技术学院,1
贵州盛华职业学院,1
贵州工商职业学院,1
贵阳幼儿师范高等专科学校,1
铜仁幼儿师范高等专科学校,1
黔南民族幼儿师范高等专科学校,1
毕节医学高等专科学校,1
贵州建设职业技术学院,1
毕节幼儿师范高等专科学校,1
贵州农业职业学院,1
贵州工程职业学院,1
贵州工贸职业学院,1
贵州水利水电职业技术学院,1
贵州电子商务职业技术学院,1
贵州应用技术职业学院,1
贵州电子科技职业学院,1
贵州装备制造职业学院,1
贵州健康职业学院,1
贵州食品工程职业学院,1
贵州经贸职业技术学院,1
贵州护理职业技术学院,1
六盘水幼儿师范高等专科学校,1
毕节工业职业技术学院,1
贵州航空职业技术学院,1
云南大学,1
昆明理工大学,1
云南农业大学,1
西南林业大学,1
昆明医科大学,1
大理大学,1
云南中医药大学,1
云南师范大学,1
昭通学院,1
曲靖师范学院,1
普洱学院,1
保山学院,1
红河学院,1
云南财经大学,1
云南艺术学院,1
云南民族大学,1
玉溪师范学院,1
楚雄师范学院,1
云南警官学院,1
昆明学院,1
文山学院,1
云南经济管理学院,1
云南大学滇池学院,1
云南大学旅游文化学院,1
昆明理工大学津桥学院,1
云南师范大学商学院,1
云南师范大学文理学院,1
昆明医科大学海源学院,1
云南艺术学院文华学院,1
云南工商学院,1
滇西科技师范学院,1
滇西应用技术大学,1
昆明冶金高等专科学校,1
云南国土资源职业学院,1
云南交通职业技术学院,1
昆明工业职业技术学院,1
云南农业职业技术学院,1
云南司法警官职业学院,1
云南文化艺术职业学院,1
云南体育运动职业技术学院,1
云南科技信息职业学院,1
西双版纳职业技术学院,1
昆明艺术职业学院,1
玉溪农业职业技术学院,1
云南能源职业技术学院,1
云南国防工业职业技术学院,1
云南机电职业技术学院,1
云南林业职业技术学院,1
云南城市建设职业学院,1
云南工程职业学院,1
曲靖医学高等专科学校,1
楚雄医药高等专科学校,1
保山中医药高等专科学校,1
丽江师范高等专科学校,1
德宏师范高等专科学校,1
云南新兴职业学院,1
云南锡业职业技术学院,1
云南经贸外事职业学院,1
云南三鑫职业技术学院,1
德宏职业学院,1
云南商务职业学院,1
昆明卫生职业学院,1
云南现代职业技术学院,1
云南旅游职业学院,1
红河卫生职业学院,1
云南外事外语职业学院,1
大理农林职业技术学院,1
公安消防部队高等专科学校,1
云南财经职业学院,1
昆明铁道职业技术学院,1
昭通卫生职业学院,1
大理护理职业学院,1
云南水利水电职业学院,1
云南轻纺职业学院,1
云南特殊教育职业学院,1
云南工贸职业技术学院,1
云南交通运输职业学院,1
昆明幼儿师范高等专科学校,1
云南医药健康职业学院,1
云南理工职业学院,1
曲靖职业技术学院,1
西藏农牧学院,1
西藏大学,1
西藏民族大学,1
西藏藏医药大学,1
西藏警官高等专科学校,1
拉萨师范高等专科学校,1
西藏职业技术学院,1
西北大学,1
西安交通大学,1
西北工业大学,1
西安理工大学,1
西安电子科技大学,1
西安工业大学,1
西安建筑科技大学,1
西安科技大学,1
西安石油大学,1
陕西科技大学,1
西安工程大学,1
长安大学,1
西北农林科技大学,1
陕西中医药大学,1
陕西师范大学,1
延安大学,1
陕西理工大学,1
宝鸡文理学院,1
咸阳师范学院,1
渭南师范学院,1
西安外国语大学,1
西北政法大学,1
西安体育学院,1
西安音乐学院,1
西安美术学院,1
西安文理学院,1
榆林学院,1
商洛学院,1
安康学院,1
西安培华学院,1
西安财经大学,1
西安邮电大学,1
西安航空学院,1
西安医学院,1
西安欧亚学院,1
西安外事学院,1
西安翻译学院,1
西京学院,1
西安思源学院,1
陕西国际商贸学院,1
陕西服装工程学院,1
西安交通工程学院,1
西安交通大学城市学院,1
西北大学现代学院,1
西安建筑科技大学华清学院,1
西安财经大学行知学院,1
陕西科技大学镐京学院,1
西安工业大学北方信息工程学院,1
延安大学西安创新学院,1
西安电子科技大学长安学院,1
西安汽车职业大学,1
西北工业大学明德学院,1
西安信息职业大学,1
长安大学兴华学院,1
西安理工大学高科学院,1
西安科技大学高新学院,1
陕西学前师范学院,1
陕西工业职业技术学院,1
杨凌职业技术学院,1
西安电力高等专科学校,1
陕西能源职业技术学院,1
陕西国防工业职业技术学院,1
西安航空职业技术学院,1
陕西财经职业技术学院,1
陕西交通职业技术学院,1
陕西职业技术学院,1
西安高新科技职业学院,1
西安城市建设职业学院,1
陕西铁路工程职业技术学院,1
宝鸡职业技术学院,1
陕西航空职业技术学院,1
陕西电子信息职业技术学院,1
陕西邮电职业技术学院,1
西安海棠职业学院,1
西安健康工程职业学院,1
陕西警官职业学院,1
陕西经济管理职业技术学院,1
西安铁路职业技术学院,1
咸阳职业技术学院,1
西安职业技术学院,1
商洛职业技术学院,1
汉中职业技术学院,1
延安职业技术学院,1
渭南职业技术学院,1
安康职业技术学院,1
铜川职业技术学院,1
陕西青年职业学院,1
陕西工商职业学院,1
陕西旅游烹饪职业学院,1
西安医学高等专科学校,1
榆林职业技术学院,1
陕西艺术职业学院,1
神木职业技术学院,1
宝鸡三和职业学院,1
陕西机电职业技术学院,1
兰州大学,1
兰州理工大学,1
兰州交通大学,1
甘肃农业大学,1
甘肃中医药大学,1
西北师范大学,1
兰州城市学院,1
陇东学院,1
天水师范学院,1
河西学院,1
兰州财经大学,1
西北民族大学,1
甘肃政法大学,1
甘肃民族师范学院,1
兰州文理学院,1
甘肃医学院,1
兰州工业学院,1
西北师范大学知行学院,1
兰州财经大学陇桥学院,1
兰州财经大学长青学院,1
兰州交通大学博文学院,1
兰州理工大学技术工程学院,1
兰州石化职业技术学院,1
陇南师范高等专科学校,1
定西师范高等专科学校,1
甘肃建筑职业技术学院,1
酒泉职业技术学院,1
兰州外语职业学院,1
兰州职业技术学院,1
甘肃警察职业学院,1
甘肃林业职业技术学院,1
甘肃工业职业技术学院,1
武威职业学院,1
甘肃交通职业技术学院,1
兰州资源环境职业技术学院,1
甘肃农业职业技术学院,1
甘肃畜牧工程职业技术学院,1
甘肃钢铁职业技术学院,1
甘肃机电职业技术学院,1
甘肃有色冶金职业技术学院,1
白银矿冶职业技术学院,1
甘肃卫生职业学院,1
兰州科技职业学院,1
庆阳职业技术学院,1
临夏现代职业学院,1
甘肃能源化工职业学院,1
兰州现代职业学院,1
平凉职业技术学院,1
甘肃财贸职业学院,1
青海大学,1
青海师范大学,1
青海民族大学,1
青海大学昆仑学院,1
青海卫生职业技术学院,1
青海警官职业学院,1
青海畜牧兽医职业技术学院,1
青海交通职业技术学院,1
青海建筑职业技术学院,1
西宁城市职业技术学院,1
青海高等职业技术学院,1
青海柴达木职业技术学院,1
宁夏大学,1
宁夏医科大学,1
宁夏师范学院,1
北方民族大学,1
宁夏理工学院,1
宁夏大学新华学院,1
银川能源学院,1
中国矿业大学银川学院,1
宁夏民族职业技术学院,1
宁夏工业职业学院,1
宁夏职业技术学院,1
宁夏工商职业技术学院,1
宁夏财经职业技术学院,1
宁夏警官职业学院,1
宁夏建设职业技术学院,1
宁夏葡萄酒与防沙治沙职业技术学院,1
宁夏幼儿师范高等专科学校,1
宁夏艺术职业学院,1
宁夏体育职业学院,1
新疆大学,1
塔里木大学,1
新疆农业大学,1
石河子大学,1
新疆医科大学,1
新疆师范大学,1
喀什大学,1
伊犁师范大学,1
新疆财经大学,1
新疆艺术学院,1
新疆工程学院,1
昌吉学院,1
新疆警察学院,1
新疆理工学院,1
新疆农业大学科学技术学院,1
新疆医科大学厚博学院,1
新疆财经大学商务学院,1
石河子大学科技学院,1
和田师范专科学校,1
新疆农业职业技术学院,1
乌鲁木齐职业大学,1
新疆维吾尔医学专科学校,1
克拉玛依职业技术学院,1
新疆机电职业技术学院,1
新疆轻工职业技术学院,1
新疆能源职业技术学院,1
昌吉职业技术学院,1
伊犁职业技术学院,1
阿克苏职业技术学院,1
巴音郭楞职业技术学院,1
新疆建设职业技术学院,1
新疆兵团警官高等专科学校,1
新疆现代职业技术学院,1
新疆天山职业技术学院,1
新疆交通职业技术学院,1
新疆石河子职业技术学院,1
新疆职业大学,1
新疆体育职业技术学院,1
新疆应用职业技术学院,1
新疆师范高等专科学校,1
新疆铁道职业技术学院,1
新疆生产建设兵团兴新职业技术学院,1
哈密职业技术学院,1
新疆科技职业技术学院,1
吐鲁番职业技术学院,1
博尔塔拉职业技术学院,1
和田职业技术学院,1
石河子工程职业技术学院,1
喀什职业技术学院,1
克孜勒苏职业技术学院,1
新疆科信职业技术学院,1
阿勒泰职业技术学院,1
新疆工业职业技术学院,1
铁门关职业技术学院,1
中国科学院,1
中欧国际工商学院,1
中南财经政法大学,1
香港中文大学,0
中国社会科学院,1
香港大学,0
中南财经大学,1
香港科技大学,0
香港理工大学,0
新加坡国立大学,0
中国地质大学,1
华中理工大学,1
对外经贸大学,1
香港城市大学,0
中央广播电视大学,1
中国科技大学,1
哥伦比亚大学,0
吉林工业大学,1
国防科技大学,1
杭州大学,1
北方交通大学,1
中南工业大学,1
华东政法学院,1
加州大学,0
香港浸会大学,0
南京审计学院,1
中国医学科学院,1
哈佛大学,0
华盛顿大学,0
曼彻斯特大学,0
斯坦福大学,0
哈佛商学院,0
台湾大学,0
伦敦大学,0
首都经贸大学,1
诺丁汉大学,0
军事医学科学院,1
马里兰大学,0
日本东京大学,0
加州大学伯克利分校,0
耶鲁大学,0
剑桥大学,0
加州大学洛杉矶分校,0
东北工学院,1
多伦多大学,0
纽约大学,0
浙江农业大学,1
华西医科大学,1
普渡大学,0
威斯康星大学,0
伊利诺伊大学,0
密歇根大学,0
中国地质科学院,1
浙江医科大学,1
牛津大学,0
麻省理工,0
第二军医大学,1
万里学院,1
悉尼大学,0
日本早稻田大学,0
中国农业科学院,1
西南农业大学,1
解放军信息工程大学,1
南京政治学院,1
上海医科大学,1
西南师范大学,1
匹兹堡大学,0
国防科学技术大学,1
山东医科大学,1
东吴大学,1
北京农业大学,1
国家行政学院,1
墨尔本大学,0
波士顿大学,0
北京信息工程学院,1
中原大学,1
芝加哥大学,0
第三军医大学,1
北京医科大学,1
辛辛那提大学,0
淡江大学,1
第一军医大学,1
北京广播学院,1
康奈尔大学,1
成都电子科技大学,1
A.T. Still University,0
Abilene Christian University,0
Abraham Baldwin Agricultural College,0
Academy of Art University,0
Adams State University,0
Adelphi University,0
Adler Graduate School,0
Adler University,0
Adrian College,0
AdventHealth University,0
Agnes Scott College,0
Air Force Institute of Technology,0
Alabama A&M University,0
Alabama State University,0
Alaska Bible College,0
Alaska Pacific University,0
Albany College of Pharmacy and Health Sciences,0
Albany Law School,0
Albany Medical College,0
Albany State University,0
Albertus Magnus College,0
Albion College,0
Albright College,0
Alcorn State University,0
Alderson Broaddus University,0
Alfred State College,0
Alfred University,0
Alice Lloyd College,0
Allegheny College,0
Allen College,0
Allen University,0
Alliant International University,0
Alma College,0
Alvernia University,0
Alverno College,0
Amberton University,0
American Baptist College,0
American Film Institute Conservatory,0
American International College,0
American Jewish University,0
American University,0
Amherst College,0
Anderson University,0
Andrews University,0
Angelo State University,0
Anna Maria College,0
Antioch University,0
Antioch University Los Angeles,0
Antioch University New England,0
Antioch University Santa Barbara,0
Antioch University Seattle,0
Appalachian Bible College,0
Appalachian College of Pharmacy,0
Appalachian State University,0
Aquinas College,0
Arcadia University,0
Arizona Christian University,0
Arizona State University,0
Arkansas Baptist College,0
Arkansas State University,0
Arkansas Tech University,0
Arlington Baptist University,0
Art Academy of Cincinnati,0
ArtCenter College of Design,0
Asbury University,0
Ashland University,0
Assumption College,0
Athens State University,0
Atlanta Metropolitan State College,0
Auburn University,0
Auburn University at Montgomery,0
Augsburg University,0
Augusta University,0
Augustana College,0
Augustana University,0
Aurora University,0
Austin College,0
Austin Peay State University,0
Ave Maria University,0
Averett University,0
Avila University,0
Azusa Pacific University,0
Babson College,0
Bacone College,0
Baker College,0
Baker University,0
Baldwin Wallace University,0
Ball State University,0
Bank Street College of Education,0
Baptist Bible College,0
Baptist Memorial College of Health Sciences,0
Baptist University of the Americas,0
Barclay College,0
Bard College,0
Bard College at Simon's Rock,0
Barnard College,0
Barry University,0
Barton College,0
Baruch College,0
Bastyr University,0
Bates College,0
Bay Path University,0
Bay State College,0
Baylor College of Medicine,0
Baylor University,0
Beacon College,0
Becker College,0
Belhaven University,0
Bellarmine University,0
Bellevue College,0
Bellevue University,0
Bellin College,0
Belmont Abbey College,0
Belmont University,0
Beloit College,0
Bemidji State University,0
Benedict College,0
Benedictine College,0
Benedictine University,0
Benjamin Franklin Institute of Technology,0
Bennett College,0
Bennington College,0
Bentley University,0
Berea College,0
Berkeley College,0
Berklee College of Music,0
Berry College,0
Bethany College,0
Bethany Lutheran College,0
Bethel College,0
Bethel University,0
Bethesda University,0
Bethune-Cookman University,0
Beulah Heights University,0
Binghamton University,0
Biola University,0
Birmingham-Southern College,0
Bismarck State College,0
Black Hills State University,0
Blackburn College,0
Blessing-Rieman College of Nursing and Health Sciences,0
Bloomfield College,0
Bloomsburg University of Pennsylvania,0
Blue Mountain College,0
Bluefield College,0
Bluefield State College,0
Bluffton University,0
Bob Jones University,0
Boise Bible College,0
Boise State University,0
Boricua College,0
Boston Architectural College,0
Boston College,0
Boston Graduate School of Psychoanalysis,0
Boston University,0
Bowdoin College,0
Bowie State University,0
Bowling Green State University,0
Bradley University,0
Brandeis University,0
Brandman University,0
Brazosport College,0
Brenau University,0
Brescia University,0
Brevard College,0
Brewton-Parker College,0
Briar Cliff University,0
Bridgewater College,0
Bridgewater State University,0
Brigham Young University,0
Brigham Young University-Hawaii,0
Brigham Young University-Idaho,0
Brooklyn College,0
Brooklyn Law School,0
Broward College,0
Brown University,0
Bryan College,0
Bryan College of Health Sciences,0
Bryant and Stratton College,0
Bryant University,0
Bryn Athyn College,0
Bryn Mawr College,0
Bucknell University,0
Buena Vista University,0
Buffalo State College,0
Bushnell University,0
Butler University,0
Cabarrus College of Health Sciences,0
Cabrini University,0
Cairn University,0
Caldwell University,0
California Baptist University,0
California College of the Arts,0
California Institute of Integral Studies,0
California Institute of Technology,0
California Institute of the Arts,0
California Lutheran University,0
California Polytechnic State University,0
California State Polytechnic University,0
California State University Channel Islands,0
California State University Maritime Academy,0
California State University San Marcos,0
California State University,0
California University of Pennsylvania,0
California Western School of Law,0
Calumet College of St. Joseph,0
Calvary University,0
Calvin University,0
Cambridge College,0
Cameron University,0
Campbell University,0
Campbellsville University,0
Canisius College,0
Capital University,0
Capitol Technology University,0
Cardinal Stritch University,0
Carleton College,0
Carlow University,0
Carnegie Mellon University,0
Carolina University,0
Carroll College,0
Carroll University,0
Carson-Newman University,0
Carthage College,0
Case Western Reserve University,0
Castleton University,0
Catawba College,0
Cazenovia College,0
Cedar Crest College,0
Cedarville University,0
Centenary College of Louisiana,0
Centenary University,0
Central Baptist College,0
Central Christian College of Kansas,0
Central Christian College of the Bible,0
Central College,0
Central Connecticut State University,0
Central Methodist University,0
Central Michigan University,0
Central Penn College,0
Central State University,0
Central Washington University,0
Centralia College,0
Centre College,0
Chadron State College,0
Chamberlain University,0
Chaminade University of Honolulu,0
Champlain College,0
Chapman University,0
Charles R. Drew University of Medicine and Science,0
Charleston Southern University,0
Chatham University,0
Chestnut Hill College,0
Cheyney University of Pennsylvania,0
Chicago State University,0
Chipola College,0
Chowan University,0
Christian Brothers University,0
Christopher Newport University,0
City University of Seattle,0
Claflin University,0
Claremont Graduate University,0
Claremont McKenna College,0
Clarion University of Pennsylvania,0
Clark Atlanta University,0
Clark University,0
Clarke University,0
Clarks Summit University,0
Clarkson College,0
Clarkson University,0
Clayton State University,0
Clear Creek Baptist Bible College,0
Cleary University,0
Clemson University,0
Cleveland Institute of Art,0
Cleveland Institute of Music,0
Cleveland State University,0
Cleveland University-Kansas City,0
Coastal Carolina University,0
Coe College,0
Cogswell University of Silicon Valley,0
Coker University,0
Colby College,0
Colby-Sawyer College,0
Colgate University,0
College for Creative Studies,0
College of Biblical Studies,0
College of Central Florida,0
College of Charleston,0
College of Coastal Georgia,0
College of Mount Saint Vincent,0
College of Our Lady of the Elms,0
College of Saint Benedict/Saint John's University,0
College of Saint Mary,0
College of Southern Nevada,0
College of Staten Island,0
College of the Atlantic,0
College of the Holy Cross,0
College of the Ozarks,0
College of William & Mary,0
Colorado Christian University,0
Colorado College,0
Colorado Mesa University,0
Colorado School of Mines,0
Colorado State University,0
Colorado State University-Pueblo,0
Colorado Technical University,0
Columbia Basin College,0
Columbia College,0
Columbia College Chicago,0
Columbia College Hollywood,0
Columbia International University,0
Columbia University in the City of New York,0
Columbus College of Art and Design,0
Columbus State University,0
Concord University,0
Concordia College,0
Concordia College-New York,0
Concordia University Ann Arbor,0
Concordia University Chicago,0
Concordia University Irvine,0
Concordia University Texas,0
Concordia University Wisconsin,0
Concordia University,0
Connecticut College,0
Converse College,0
Conway School of Landscape Design,0
Coppin State University,0
Corban University,0
Cornell College,0
Cornell University,0
Cornerstone University,0
Cornish College of the Arts,0
Cottey College,0
Covenant College,0
Cox College,0
Cranbrook Academy of Art,0
Creighton University,0
Criswell College,0
Crossroads College,0
Crowley's Ridge College,0
Crown College,0
Culver-Stockton College,0
Cumberland University,0
CUNY School of Law,0
Curry College,0
Curtis Institute of Music,0
Daemen College,0
Dakota State University,0
Dakota Wesleyan University,0
Dallas Baptist University,0
Dallas Christian College,0
Dalton State College,0
Dartmouth College,0
Davenport University,0
Davidson College,0
Davis and Elkins College,0
Davis College,0
Daytona State College,0
Dean College,0
Defiance College,0
Delaware State University,0
Delaware Valley University,0
Delta State University,0
Denison University,0
Denver College of Nursing,0
DePaul University,0
DePauw University,0
Des Moines University,0
DeSales University,0
DeVry University,0
Dharma Realm Buddhist University,0
Dickinson College,0
Dickinson State University,0
Dillard University,0
Dixie State University,0
Doane University,0
Dominican College,0
Dominican School of Philosophy & Theology,0
Dominican University,0
Dominican University of California,0
Donnelly College,0
Dordt University,0
Drake University,0
Drew University,0
Drexel University,0
Drury University,0
Duke University,0
Dunwoody College of Technology,0
Duquesne University,0
D'Youville College,0
Earlham College,0
East Carolina University,0
East Central University,0
East Georgia State College,0
East Stroudsburg University,0
East Tennessee State University,0
East Texas Baptist University,0
Eastern Connecticut State University,0
Eastern Illinois University,0
Eastern Kentucky University,0
Eastern Mennonite University,0
Eastern Michigan University,0
Eastern Nazarene College,0
Eastern New Mexico University,0
Eastern Oregon University,0
Eastern University,0
Eastern Virginia Medical School,0
Eastern Washington University,0
East-West University,0
Ecclesia College,0
Eckerd College,0
ECPI University,0
Edgewood College,0
Edinboro University of Pennsylvania,0
Edward Waters College,0
Elizabeth City State University,0
Elizabethtown College,0
Elmhurst College,0
Elmira College,0
Elon University,0
Embry-Riddle Aeronautical University,0
Emerson College,0
Emmanuel College,0
Emmaus Bible College,0
Emory & Henry College,0
Emory University,0
Emporia State University,0
Endicott College,0
Erskine College,0
Eureka College,0
Evangel University,0
Everglades University,0
Fairfield University,0
Fairleigh Dickinson University,0
Fairmont State University,0
Faith Baptist Bible College and Theological Seminary,0
Farmingdale State College,0
Fashion Institute of Technology,0
Faulkner University,0
Fayetteville State University,0
Felician University,0
Ferris State University,0
Ferrum College,0
Fielding Graduate University,0
Finlandia University,0
Fisher College,0
Fisk University,0
Fitchburg State University,0
Five Towns College,0
Flagler College,0
Florida Agricultural and Mechanical University,0
Florida Atlantic University,0
Florida College,0
Florida Gateway College,0
Florida Gulf Coast University,0
Florida Institute of Technology,0
Florida International University,0
Florida Memorial University,0
Florida National University,0
Florida Southern College,0
Florida SouthWestern State College,0
Florida State College at Jacksonville,0
Florida State University,0
Fontbonne University,0
Fordham University,0
Fort Hays State University,0
Fort Lewis College,0
Fort Valley State University,0
Framingham State University,0
Francis Marion University,0
Franciscan Missionaries of Our Lady University,0
Franciscan University of Steubenville,0
Franklin and Marshall College,0
Franklin College,0
Franklin Pierce University,0
Franklin University,0
Franklin W. Olin College of Engineering,0
Freed-Hardeman University,0
Fresno Pacific University,0
Friends University,0
Frostburg State University,0
Furman University,0
Gallaudet University,0
Gannon University,0
Gardner-Webb University,0
Geisinger Commonwealth School of Medicine,0
Geneva College,0
George Fox University,0
George Mason University,0
George Washington University,0
Georgetown College,0
Georgetown University,0
Georgia College and State University,0
Georgia Gwinnett College,0
Georgia Institute of Technology,0
Georgia Southern University,0
Georgia Southwestern State University,0
Georgia State University,0
Georgian Court University,0
Gettysburg College,0
Glenville State College,0
Goddard College,0
God's Bible School and College,0
Golden Gate University,0
Goldey-Beacom College,0
Goldfarb School of Nursing at Barnes-Jewish College,0
Gonzaga University,0
Good Samaritan College of Nursing and Health Science,0
Goodwin University,0
Gordon College,0
Gordon State College,0
Goshen College,0
Goucher College,0
Governors State University,0
Grace Christian University,0
Grace College,0
Graceland University,0
Grambling State University,0
Grand Canyon University,0
Grand Valley State University,0
Grand View University,0
Granite State College,0
Gratz College,0
Great Basin College,0
Great Lakes Christian College,0
Greensboro College,0
Greenville University,0
Grinnell College,0
Grove City College,0
Guilford College,0
Gulf Coast State College,0
Gustavus Adolphus College,0
Gwynedd Mercy University,0
Hamilton College,0
Hamline University,0
Hampden-Sydney College,0
Hampshire College,0
Hampton University,0
Hannibal-LaGrange University,0
Hanover College,0
Harding University,0
Hardin-Simmons University,0
Harrisburg University of Science and Technology,0
Harris-Stowe State University,0
Hartwick College,0
Harvard University,0
Harvey Mudd College,0
Hastings College,0
Haverford College,0
Hawaii Pacific University,0
Hebrew College,0
Heidelberg University,0
Helene Fuld College of Nursing,0
Henderson State University,0
Hendrix College,0
Heritage Christian University,0
Heritage University,0
Herzing University,0
High Point University,0
Hilbert College,0
Hillsdale College,0
Hiram College,0
Hobart and William Smith Colleges,0
Hodges University,0
Hofstra University,0
Hollins University,0
Holy Apostles College and Seminary,0
Holy Cross College,0
Holy Family College,0
Holy Family University,0
Holy Names University,0
Hood College,0
Hope College,0
Hope International University,0
Houghton College,0
Houston Baptist University,0
Howard Payne University,0
Howard University,0
Hult International Business School,0
Humboldt State University,0
Humphreys University,0
Hunter College,0
Huntingdon College,0
Huntington University,0
Husson University,0
Huston-Tillotson University,0
Icahn School of Medicine at Mount Sinai,0
Idaho State University,0
Illinois College,0
Illinois College of Optometry,0
Illinois Institute of Technology,0
Illinois State University,0
Illinois Wesleyan University,0
Immaculata University,0
Indian River State College,0
Indiana Institute of Technology,0
Indiana State University,0
Indiana University - Purdue University Indianapolis,0
Indiana University Bloomington,0
Indiana University East,0
Indiana University Fort Wayne,0
Indiana University Kokomo,0
Indiana University Northwest,0
Indiana University of Pennsylvania,0
Indiana University South Bend,0
Indiana University Southeast,0
Indiana Wesleyan University,0
Iona College,0
Iowa State University,0
Iowa Wesleyan University,0
Irell and Manella Graduate School of Biological Sciences,0
Ithaca College,0
Jackson State University,0
Jacksonville State University,0
Jacksonville University,0
James Madison University,0
Jamestown Business College,0
Jarvis Christian College,0
John Brown University,0
John Carroll University,0
John F. Kennedy University,0
John Jay College of Criminal Justice,0
John Paul the Great Catholic University,0
Johns Hopkins University,0
Johnson and Wales University,0
Johnson C. Smith University,0
Johnson University,0
Judson College,0
Judson University,0
Juniata College,0
Kalamazoo College,0
Kansas City Art Institute,0
Kansas City University of Medicine and Biosciences,0
Kansas State University,0
Kansas Wesleyan University,0
Kean University,0
Keck Graduate Institute,0
Keene State College,0
Keiser University,0
Kennesaw State University,0
Kent State University,0
Kentucky Christian University,0
Kentucky State University,0
Kentucky Wesleyan College,0
Kenyon College,0
Kettering College,0
Kettering University,0
Keuka College,0
Keystone College,0
King University,0
King's College,0
Knox College,0
Kutztown University of Pennsylvania,0
Kuyper College,0
La Roche University,0
La Salle University,0
La Sierra University,0
Labouré College,0
Lafayette College,0
LaGrange College,0
Laguna College of Art and Design,0
Lake Erie College,0
Lake Forest College,0
Lake Forest Graduate School of Management,0
Lake Superior State University,0
Lake Washington Institute of Technology,0
Lakeland University,0
Lakeview College of Nursing,0
Lamar University,0
Lancaster Bible College,0
Lander University,0
Landmark College,0
Lane College,0
Langston University,0
Lasell University,0
Lawrence Technological University,0
Lawrence University,0
Le Moyne College,0
Lebanon Valley College,0
Lee University,0
Lees-McRae College,0
Lehigh University,0
Lehman College,0
LeMoyne-Owen College,0
Lenoir-Rhyne University,0
Lesley University,0
LeTourneau University,0
Lewis & Clark College,0
Lewis University,0
Lewis-Clark State College,0
Liberty University,0
Life Pacific College,0
Life University,0
LIM College,0
Limestone College,0
Lincoln Christian University,0
Lincoln College,0
Lincoln Memorial University,0
Lincoln University,0
Lindenwood University,0
Lindsey Wilson College,0
Linfield College,0
Lipscomb University,0
Livingstone College,0
Lock Haven University,0
Logan University,0
Loma Linda University,0
Long Island University,0
Longwood University,0
Loras College,0
Louisiana College,0
Louisiana State University,0
Louisiana State University Health Sciences Center,0
Louisiana State University Health Sciences Center-Shreveport,0
Louisiana State University in Shreveport,0
Louisiana State University of Alexandria,0
Louisiana Tech University,0
Lourdes University,0
Loyola Marymount University,0
Loyola University Chicago,0
Loyola University Maryland,0
Loyola University New Orleans,0
Lubbock Christian University,0
Luther College,0
Lycoming College,0
Lynn University,0
Lyon College,0
Macalester College,0
MacMurray College,0
Madonna University,0
Magdalen College of the Liberal Arts,0
Maharishi International University,0
Maine College of Art,0
Maine Maritime Academy,0
Malone University,0
Manchester University,0
Manhattan Christian College,0
Manhattan College,0
Manhattan School of Music,0
Manhattanville College,0
Mansfield University of Pennsylvania,0
Maranatha Baptist University,0
Maria College,0
Marian University,0
Marietta College,0
Marist College,0
Marlboro College,0
Marquette University,0
Mars Hill University,0
Marshall B. Ketchum University,0
Marshall University,0
Martin Luther College,0
Martin Methodist College,0
Martin University,0
Mary Baldwin University,0
Maryland Institute College of Art,0
Maryland University of Integrative Health,0
Marymount California University,0
Marymount Manhattan College,0
Marymount University,0
Maryville College,0
Maryville University,0
Marywood University,0
Massachusetts College of Art and Design,0
Massachusetts College of Liberal Arts,0
Massachusetts Institute of Technology,0
Massachusetts Maritime Academy,0
Massachusetts School of Law,0
Mayo Clinic College of Medicine and Science,0
Mayville State University,0
McDaniel College,0
McKendree University,0
McMurry University,0
McNeese State University,0
McPherson College,0
MCPHS University,0
Medaille College,0
Medgar Evers College,0
Medical College of Wisconsin,0
Medical University of South Carolina,0
Meharry Medical College,0
Memphis College of Art,0
Menlo College,0
Mercer University,0
Mercy College,0
Mercy College of Health Sciences,0
Mercy College of Ohio,0
Mercyhurst University,0
Meredith College,0
Merrimack College,0
Messiah College,0
Methodist College,0
Methodist University,0
Metropolitan College of New York,0
Metropolitan State University,0
Metropolitan State University of Denver,0
MGH Institute of Health Professions,0
Miami Dade College,0
Miami University,0
Michigan School of Psychology,0
Michigan State University,0
Michigan Technological University,0
Mid-America Christian University,0
MidAmerica Nazarene University,0
Mid-Atlantic Christian University,0
Middle Georgia State University,0
Middle Tennessee School of Anesthesia,0
Middle Tennessee State University,0
Middlebury College,0
Midland College,0
Midland University,0
Midway University,0
Midwestern State University,0
Midwestern University,0
Miles College,0
Millersville University of Pennsylvania,0
Milligan College,0
Millikin University,0
Mills College,0
Millsaps College,0
Milwaukee Institute of Art and Design,0
Milwaukee School of Engineering,0
Minneapolis College of Art and Design,0
Minnesota State University Moorhead,0
Minnesota State University,0
Minot State University,0
Misericordia University,0
Mississippi College,0
Mississippi State University,0
Mississippi University for Women,0
Mississippi Valley State University,0
Missouri Baptist University,0
Missouri Southern State University,0
Missouri State University,0
Missouri University of Science and Technology,0
Missouri Valley College,0
Missouri Western State University,0
Mitchell College,0
Mitchell Hamline School of Law,0
Molloy College,0
Monmouth College,0
Monmouth University,0
Monroe College,0
Montana State University,0
Montana State University Billings,0
Montana State University-Northern,0
Montana Tech,0
Montclair State University,0
Montreat College,0
Montserrat College of Art,0
Moody Bible Institute,0
Moore College of Art and Design,0
Moravian College,0
Morehead State University,0
Morehouse College,0
Morehouse School of Medicine,0
Morgan State University,0
Morningside College,0
Morris College,0
Morrisville State College,0
Mount Aloysius College,0
Mount Carmel College of Nursing,0
Mount Holyoke College,0
Mount Marty College,0
Mount Mary University,0
Mount Mercy University,0
Mount Saint Mary College,0
Mount Saint Mary's University,0
Mount St. Joseph University,0
Mount St. Mary's University,0
Mount Vernon Nazarene University,0
Muhlenberg College,0
Multnomah University,0
Murray State University,0
Muskingum University,0
Naropa University,0
National American University,0
National Defense University,0
National Louis University,0
National University,0
National University of Health Sciences,0
Naval Postgraduate School,0
Nazarene Bible College,0
Nazareth College,0
Nebraska Christian College,0
Nebraska Methodist College,0
Nebraska Wesleyan University,0
Neumann University,0
Nevada State College,0
New College of Florida,0
New England College,0
New England College of Optometry,0
New England Conservatory,0
New England Institute of Technology,0
New England Law | Boston,0
New Hope Christian College,0
New Jersey City University,0
New Jersey Institute of Technology,0
New Mexico Highlands University,0
New Mexico Institute of Mining and Technology,0
New Mexico State University,0
New York Academy of Art,0
New York City College of Technology,0
New York College of Podiatric Medicine,0
New York Institute of Technology,0
New York Law School,0
New York Medical College,0
New York School of Interior Design,0
New York University,0
Newberry College,0
Newman University,0
NewSchool of Architecture and Design,0
Niagara University,0
Nicholls State University,0
Nichols College,0
Norfolk State University,0
North Carolina Agricultural and Technical State University,0
North Carolina Central University,0
North Carolina State University,0
North Carolina Wesleyan College,0
North Central College,0
North Central University,0
North Dakota State University,0
North Greenville University,0
North Park University,0
Northeast Ohio Medical University,0
Northeastern Illinois University,0
Northeastern State University,0
Northeastern University,0
Northern Arizona University,0
Northern Illinois University,0
Northern Kentucky University,0
Northern Michigan University,0
Northern New Mexico College,0
Northern State University,0
Northern Vermont University,0
Northland College,0
Northpoint Bible College,0
Northwest Florida State College,0
Northwest Missouri State University,0
Northwest Nazarene University,0
Northwest University,0
Northwestern College,0
Northwestern Health Sciences University,0
Northwestern Oklahoma State University,0
Northwestern State University of Louisiana,0
Northwestern University,0
Northwood University,0
Norwich University,0
Notre Dame College,0
Notre Dame de Namur University,0
Notre Dame of Maryland University,0
Nova Southeastern University,0
Nyack College,0
Oak Hills Christian College,0
Oakland City University,0
Oakland University,0
Oakwood University,0
Oberlin College,0
Occidental College,0
Oglethorpe University,0
Ohio Christian University,0
Ohio Dominican University,0
Ohio Northern University,0
Ohio University,0
Ohio University Southern,0
Ohio University-Chillicothe,0
Ohio Valley University,0
Ohio Wesleyan University,0
Oklahoma Baptist University,0
Oklahoma Christian University,0
Oklahoma City University,0
Oklahoma Panhandle State University,0
Oklahoma State University,0
Oklahoma Wesleyan University,0
Old Dominion University,0
Olivet College,0
Olivet Nazarene University,0
Oral Roberts University,0
Oregon Health & Science University,0
Oregon Institute of Technology,0
Oregon State University,0
Otis College of Art and Design,0
Ottawa University,0
Otterbein University,0
Ouachita Baptist University,0
Our Lady of the Lake University,0
Ozark Christian College,0
Pace University,0
Pacific Lutheran University,0
Pacific Northwest College of Art,0
Pacific Oaks College,0
Pacific Union College,0
Pacific University,0
Pacifica Graduate Institute,0
Paine College,0
Palm Beach Atlantic University,0
Palm Beach State College,0
Palo Alto University,0
Pardee RAND Graduate School,0
Park University,0
Parker University,0
Paul Quinn College,0
Paul Smith's College,0
Peirce College,0
Penn State College of Medicine,0
Penn State University,0
Pennsylvania Academy of the Fine Arts,0
Pennsylvania College of Art and Design,0
Pennsylvania College of Health Sciences,0
Pennsylvania College of Technology,0
Pensacola State College,0
Pepperdine University,0
Peru State College,0
Pfeiffer University,0
Philander Smith College,0
Piedmont College,0
Pillar College,0
Pine Manor College,0
Pittsburg State University,0
Pitzer College,0
Plaza College,0
Plymouth State University,0
Point Loma Nazarene University,0
Point Park University,0
Point University,0
Polk State College,0
Pomona College,0
Pontifical Faculty of the Immaculate Conception,0
Portland State University,0
Post University,0
Prairie View A&M University,0
Pratt Institute,0
Presbyterian College,0
Prescott College,0
Presentation College,0
Princeton University,0
Principia College,0
Providence Christian College,0
Providence College,0
Purchase College,0
Purdue University,0
Purdue University Fort Wayne,0
Purdue University Northwest,0
Queens College,0
Queens University of Charlotte,0
Quincy University,0
Quinnipiac University,0
Radford University,0
Ramapo College of New Jersey,0
Randolph College,0
Randolph-Macon College,0
Rasmussen College,0
Reed College,0
Regent University,0
Regis College,0
Regis University,0
Reinhardt University,0
Relay Graduate School of Education,0
Rensselaer Polytechnic Institute,0
Research College of Nursing,0
Resurrection University,0
Rhode Island College,0
Rhode Island School of Design,0
Rhodes College,0
Richmont Graduate University,0
Rider University,0
Ringling College of Art and Design,0
Ripon College,0
Rivier University,0
Roanoke College,0
Robert Morris University,0
Roberts Wesleyan College,0
Rochester Institute of Technology,0
Rochester University,0
Rockford University,0
Rockhurst University,0
Rocky Mountain College,0
Rocky Mountain College of Art and Design,0
Rocky Mountain University of Health Professions,0
Rocky Vista University,0
Roger Williams University,0
Rogers State University,0
Rollins College,0
Roosevelt University,0
Rosalind Franklin University of Medicine and Science,0
Rose-Hulman Institute of Technology,0
Roseman University of Health Sciences,0
Rosemont College,0
Rowan University,0
Rush University,0
Rust College,0
Rutgers,0
Sacred Heart University,0
Saginaw Valley State University,0
Saint Anselm College,0
Saint Anthony College of Nursing,0
Saint Augustine College,0
Saint Augustine's University,0
Saint Elizabeth University,0
Saint Francis Medical Center College of Nursing,0
Saint Francis University,0
Saint Joseph's College of Maine,0
Saint Joseph's University,0
Saint Leo University,0
Saint Louis University,0
Saint Martin's University,0
Saint Mary-of-the-Woods College,0
Saint Mary's College,0
Saint Mary's College of California,0
Saint Mary's University of Minnesota,0
Saint Michael's College,0
Saint Peter's University,0
Saint Vincent College,0
Saint Xavier University,0
Salem College,0
Salem State University,0
Salem University,0
Salisbury University,0
Salus University,0
Salve Regina University,0
Sam Houston State University,0
Samford University,0
Samuel Merritt University,0
San Diego Christian College,0
San Diego State University,0
San Francisco Art Institute,0
San Francisco Conservatory of Music,0
San Francisco State University,0
San Joaquin College of Law,0
San José State University,0
Santa Clara University,0
Santa Fe College,0
Sarah Lawrence College,0
Savannah College of Art and Design,0
Savannah State University,0
Saybrook University,0
School of the Art Institute of Chicago,0
School of Visual Arts,0
Schreiner University,0
Scripps College,0
Seattle Central College,0
Seattle Pacific University,0
Seattle University,0
Seminole State College of Florida,0
Seton Hall University,0
Seton Hill University,0
Sewanee: The University of the South,0
Shaw University,0
Shawnee State University,0
Shenandoah University,0
Shepherd University,0
Shippensburg University of Pennsylvania,0
Shorter University,0
Siena College,0
Siena Heights University,0
Sierra Nevada University,0
Simmons University,0
Simpson College,0
Simpson University,0
SIT Graduate Institute,0
Skidmore College,0
Slippery Rock University of Pennsylvania,0
Smith College,0
Snow College,0
Sofia University,0
Soka University of America,0
Sonoma State University,0
South Carolina State University,0
South College,0
South Dakota School of Mines and Technology,0
South Dakota State University,0
South Georgia State College,0
South Texas College,0
South Texas College of Law,0
South University,0
Southeast Missouri State University,0
Southeastern Baptist College,0
Southeastern Louisiana University,0
Southeastern Oklahoma State University,0
Southeastern University,0
Southern Adventist University,0
Southern Arkansas University,0
Southern California Institute of Architecture,0
Southern College of Optometry,0
Southern Connecticut State University,0
Southern Illinois University Carbondale,0
Southern Illinois University Edwardsville,0
Southern Methodist University,0
Southern Nazarene University,0
Southern New Hampshire University,0
Southern Oregon University,0
Southern University and A&M College,0
Southern University at New Orleans,0
Southern University Law Center,0
Southern Utah University,0
Southern Virginia University,0
Southern Wesleyan University,0
Southwest Baptist University,0
Southwest Minnesota State University,0
Southwest University of Visual Arts,0
Southwestern Adventist University,0
Southwestern Assemblies of God University,0
Southwestern Christian University,0
Southwestern College,0
Southwestern Law School,0
Southwestern Oklahoma State University,0
Southwestern University,0
Spalding University,0
Spelman College,0
Spring Arbor University,0
Spring Hill College,0
Springfield College,0
St Andrews University,0
St John's College,0
St Petersburg College,0
St. Ambrose University,0
St. Bonaventure University,0
St. Catherine University,0
St. Cloud State University,0
St. Edward's University,0
St. Francis College,0
St. John Fisher College,0
St. Johns River State College,0
St. John's University,0
St. Joseph's College,0
St. Lawrence University,0
St. Louis Christian College,0
St. Louis College of Pharmacy,0
St. Mary's College of Maryland,0
St. Mary's University,0
St. Norbert College,0
St. Olaf College,0
St. Thomas Aquinas College,0
St. Thomas University,0
Stanford University,0
State College of Florida-Manatee-Sarasota,0
State University of New York at Fredonia,0
State University of New York at New Paltz,0
State University of New York at Oswego,0
State University of New York College at Plattsburgh,0
Stephen F. Austin State University,0
Stephens College,0
Sterling College,0
Stetson University,0
Stevens Institute of Technology,0
Stevenson University,0
Stillman College,0
Stockton University,0
Stonehill College,0
Stony Brook University,0
Strayer University,0
Suffolk University,0
Sul Ross State University,0
Sullivan University,0
SUNY Canton,0
SUNY Cobleskill,0
SUNY College at Old Westbury,0
SUNY College at Oneonta,0
SUNY College of Environmental Science and Forestry,0
SUNY College of Optometry,0
SUNY Cortland,0
SUNY Delhi,0
SUNY Downstate Medical Center,0
SUNY Empire State College,0
SUNY Geneseo,0
SUNY Maritime College,0
SUNY Polytechnic Institute,0
SUNY Upstate Medical University,0
Susquehanna University,0
Swarthmore College,0
Sweet Briar College,0
Syracuse University,0
Tabor College,0
Talladega College,0
Tarleton State University,0
Taylor University,0
Temple University,0
Tennessee State University,0
Tennessee Tech University,0
Tennessee Wesleyan University,0
Texas A&M International University,0
Texas A&M University,0
Texas A&M University at Galveston,0
Texas A&M University-Commerce,0
Texas A&M University-Corpus Christi,0
Texas A&M University-Kingsville,0
Texas A&M University-Texarkana,0
Texas Christian University,0
Texas College,0
Texas Lutheran University,0
Texas Southern University,0
Texas State University,0
Texas Tech University,0
Texas Tech University Health Sciences Center,0
Texas Wesleyan University,0
Texas Woman's University,0
The American College of Financial Services,0
The Baptist College of Florida,0
The Catholic University of America,0
The Chicago School of Professional Psychology,0
The Citadel,0
The City College of New York,0
The College at Brockport,0
The College of Idaho,0
The College of New Jersey,0
The College of Saint Rose,0
The College of St. Scholastica,0
The College of Westchester,0
The College of Wooster,0
The Cooper Union for the Advancement of Science and Art,0
The Culinary Institute of America,0
The Evergreen State College,0
The Graduate Center,0
The Institute of World Politics,0
The Juilliard School,0
The King's College,0
The King's University,0
The Master's University,0
The New School,0
The Ohio State University,0
The Rockefeller University,0
The Sage Colleges,0
The School of Architecture at Taliesin,0
The State University of New York at Potsdam,0
The University of Alabama,0
The University of Alabama in Huntsville,0
The University of Arizona,0
The University of Findlay,0
The University of Maine,0
The University of Memphis,0
The University of Montana,0
The University of Montana Western,0
The University of Oklahoma,0
The University of Oklahoma Health Sciences Center,0
The University of Tampa,0
The University of Tennessee at Chattanooga,0
The University of Tennessee at Martin,0
The University of Tennessee Health Science Center,0
The University of Tennessee,0
The University of Texas at Arlington,0
The University of Texas at Austin,0
The University of Texas at Dallas,0
The University of Texas at El Paso,0
The University of Texas at San Antonio,0
The University of Texas at Tyler,0
The University of Texas Health Science Center at Houston,0
The University of Texas Health Science Center at San Antonio,0
The University of Texas Health Science Center at Tyler,0
The University of Texas MD Anderson Cancer Center,0
The University of Texas Medical Branch at Galveston,0
The University of Texas Permian Basin,0
The University of the Arts,0
The University of Tulsa,0
The University of Utah,0
The University of Virginia's College at Wise,0
The University of West Alabama,0
The University of West Los Angeles,0
The Wright Institute,0
Thiel College,0
Thomas Aquinas College,0
Thomas College,0
Thomas Edison State University,0
Thomas Jefferson School of Law,0
Thomas Jefferson University,0
Thomas More College of Liberal Arts,0
Thomas More University,0
Thomas University,0
Tiffin University,0
Toccoa Falls College,0
Tougaloo College,0
Touro College,0
Touro University California,0
Towson University,0
Transylvania University,0
Trevecca Nazarene University,0
Trine University,0
Trinity Bible College,0
Trinity Christian College,0
Trinity College,0
Trinity College of Florida,0
Trinity College of Nursing & Health Sciences,0
Trinity International University,0
Trinity University,0
Trinity Washington University,0
Tri-State Bible College,0
Trocaire College,0
Troy University,0
Truett McConnell University,0
Truman State University,0
Tufts University,0
Tulane University,0
Tusculum University,0
Tuskegee University,0
Uniformed Services University of the Health Sciences,0
Union College,0
Union Institute & University,0
Union University,0
United States Air Force Academy,0
United States Coast Guard Academy,0
United States Merchant Marine Academy,0
United States Military Academy,0
United States Naval Academy,0
United States Sports Academy,0
United States University,0
Unity College,0
University at Albany,0
University at Buffalo,0
University of Advancing Technology,0
University of Akron,0
University of Alabama at Birmingham,0
University of Alaska Anchorage,0
University of Alaska Fairbanks,0
University of Alaska Southeast,0
University of Arkansas,0
University of Arkansas - Fort Smith,0
University of Arkansas at Little Rock,0
University of Arkansas at Monticello,0
University of Arkansas at Pine Bluff,0
University of Arkansas for Medical Sciences,0
University of Baltimore,0
University of Bridgeport,0
University of California,0
University of Central Arkansas,0
University of Central Florida,0
University of Central Missouri,0
University of Central Oklahoma,0
University of Charleston,0
University of Chicago,0
University of Cincinnati,0
University of Colorado Boulder,0
University of Colorado Colorado Springs,0
University of Colorado Denver,0
University of Connecticut,0
University of Dallas,0
University of Dayton,0
University of Delaware,0
University of Denver,0
University of Detroit Mercy,0
University of Dubuque,0
University of Evansville,0
University of Florida,0
University of Georgia,0
University of Hartford,0
University of Hawaii at Hilo,0
University of Hawaii at Manoa,0
University of Hawaii-West Oahu,0
University of Holy Cross,0
University of Houston,0
University of Houston-Clear Lake,0
University of Houston-Downtown,0
University of Houston-Victoria,0
University of Idaho,0
University of Illinois at Chicago,0
University of Illinois at Springfield,0
University of Illinois at Urbana-Champaign,0
University of Indianapolis,0
University of Iowa,0
University of Jamestown,0
University of Kansas,0
University of Kentucky,0
University of La Verne,0
University of Louisiana at Lafayette,0
University of Louisiana at Monroe,0
University of Louisville,0
University of Lynchburg,0
University of Maine at Augusta,0
University of Maine at Farmington,0
University of Maine at Fort Kent,0
University of Maine at Machias,0
University of Maine at Presque Isle,0
University of Mary,0
University of Mary Hardin-Baylor,0
University of Mary Washington,0
University of Maryland,0
University of Maryland Eastern Shore,0
University of Massachusetts Amherst,0
University of Massachusetts Boston,0
University of Massachusetts Dartmouth,0
University of Massachusetts Lowell,0
University of Massachusetts Medical School,0
University of Miami,0
University of Michigan,0
University of Michigan-Dearborn,0
University of Michigan-Flint,0
University of Minnesota-Twin Cities,0
University of Mississippi,0
University of Mississippi Medical Center,0
University of Missouri,0
University of Missouri-Kansas City,0
University of Missouri-St. Louis,0
University of Mobile,0
University of Montevallo,0
University of Mount Olive,0
University of Mount Union,0
University of Nebraska at Kearney,0
University of Nebraska at Omaha,0
University of Nebraska Medical Center,0
University of Nebraska-Lincoln,0
University of Nevada,0
University of New England,0
University of New Hampshire,0
University of New Haven,0
University of New Mexico,0
University of New Orleans,0
University of North Alabama,0
University of North Carolina at Asheville,0
University of North Carolina at Chapel Hill,0
University of North Carolina at Charlotte,0
University of North Carolina at Greensboro,0
University of North Carolina at Pembroke,0
University of North Carolina School of the Arts,0
University of North Carolina Wilmington,0
University of North Dakota,0
University of North Florida,0
University of North Georgia,0
University of North Texas,0
University of North Texas Health Science Center,0
University of Northern Colorado,0
University of Northern Iowa,0
University of Northwestern - St. Paul,0
University of Northwestern Ohio,0
University of Notre Dame,0
University of Oregon,0
University of Pennsylvania,0
University of Pikeville,0
University of Pittsburgh,0
University of Portland,0
University of Providence,0
University of Puget Sound,0
University of Redlands,0
University of Rhode Island,0
University of Richmond,0
University of Rio Grande,0
University of Rochester,0
University of Saint Francis,0
University of Saint Joseph,0
University of Saint Mary,0
University of San Diego,0
University of San Francisco,0
University of Science and Arts of Oklahoma,0
University of Scranton,0
University of Sioux Falls,0
University of South Alabama,0
University of South Carolina,0
University of South Carolina-Aiken,0
University of South Carolina-Beaufort,0
University of South Carolina-Upstate,0
University of South Dakota,0
University of South Florida,0
University of Southern California,0
University of Southern Indiana,0
University of Southern Maine,0
University of Southern Mississippi,0
University of St. Augustine for Health Sciences,0
University of St. Francis,0
University of St. Thomas,0
University of Texas Rio Grande Valley,0
University of Texas Southwestern Medical Center,0
University of the Cumberlands,0
University of the District of Columbia,0
University of the Incarnate Word,0
University of the Ozarks,0
University of the Pacific,0
University of the Potomac,0
University of the Sciences in Philadelphia,0
University of the Southwest,0
University of the West,0
University of Toledo,0
University of Valley Forge,0
University of Vermont,0
University of Virginia,0
University of Washington,0
University of West Florida,0
University of West Georgia,0
University of Western States,0
University of Wisconsin-Eau Claire,0
University of Wisconsin-Green Bay,0
University of Wisconsin-La Crosse,0
University of Wisconsin-Madison,0
University of Wisconsin-Milwaukee,0
University of Wisconsin-Oshkosh,0
University of Wisconsin-Parkside,0
University of Wisconsin-Platteville,0
University of Wisconsin-River Falls,0
University of Wisconsin-Stevens Point,0
University of Wisconsin-Stout,0
University of Wisconsin-Superior,0
University of Wisconsin-Whitewater,0
University of Wyoming,0
Upper Iowa University,0
Ursinus College,0
Ursuline College,0
Utah State University,0
Utah Valley University,0
Utica College,0
Valdosta State University,0
Valencia College,0
Valley City State University,0
Valparaiso University,0
Vanderbilt University,0
VanderCook College of Music,0
Vanguard University of Southern California,0
Vassar College,0
Vaughn College of Aeronautics and Technology,0
Vermont College of Fine Arts,0
Vermont Law School,0
Vermont Technical College,0
Villa Maria College,0
Villanova University,0
Vincennes University,0
Virginia Commonwealth University,0
Virginia Military Institute,0
Virginia Polytechnic Institute and State University,0
Virginia State University,0
Virginia Union University,0
Virginia Wesleyan University,0
Viterbo University,0
Voorhees College,0
Wabash College,0
Wade College,0
Wagner College,0
Wake Forest University,0
Waldorf University,0
Walla Walla University,0
Walsh College,0
Walsh University,0
Warner Pacific College,0
Warner University,0
Warren Wilson College,0
Wartburg College,0
Washburn University,0
Washington & Jefferson College,0
Washington Adventist University,0
Washington and Lee University,0
Washington College,0
Washington State University,0
Washington University in St. Louis,0
Watkins College of Art,0
Wayland Baptist University,0
Wayne State College,0
Wayne State University,0
Waynesburg University,0
Webb Institute,0
Webber International University,0
Weber State University,0
Webster University,0
Welch College,0
Wellesley College,0
Wells College,0
Wentworth Institute of Technology,0
Wesley College,0
Wesleyan College,0
Wesleyan University,0
West Chester University of Pennsylvania,0
West Coast University-Los Angeles,0
West Liberty University,0
West Texas A&M University,0
West Virginia School of Osteopathic Medicine,0
West Virginia State University,0
West Virginia University,0
West Virginia University at Parkersburg,0
West Virginia Wesleyan College,0
Western Carolina University,0
Western Colorado University,0
Western Connecticut State University,0
Western Illinois University,0
Western Kentucky University,0
Western Michigan University,0
Western Nevada College,0
Western New England University,0
Western New Mexico University,0
Western Oregon University,0
Western University of Health Sciences,0
Western Washington University,0
Westfield State University,0
Westminster College,0
Westmont College,0
Wheaton College,0
Wheeling University,0
Whitman College,0
Whittier College,0
Whitworth University,0
Wichita State University,0
Widener University,0
Wilberforce University,0
Wiley College,0
Wilkes University,0
Willamette University,0
William Carey University,0
William James College,0
William Jessup University,0
William Jewell College,0
William Marsh Rice University,0
William Paterson University,0
William Peace University,0
William Penn University,0
William Woods University,0
Williams Baptist University,0
Williams College,0
Wilmington College,0
Wilmington University,0
Wilson College,0
Wingate University,0
Winona State University,0
Winston-Salem State University,0
Winthrop University,0
Wisconsin Lutheran College,0
Wisconsin School of Professional Psychology,0
Wittenberg University,0
Wofford College,0
WON Institute of Graduate Studies,0
Woodbury University,0
Worcester Polytechnic Institute,0
Worcester State University,0
Wright State University,0
Xavier University,0
Xavier University of Louisiana,0
Yale University,0
Yeshiva University,0
York College,0
York College of Pennsylvania,0
Young Harris College,0
Youngstown State University,0
