perfect,target
,党办宣传室主任
,党办公室干部
,党政办公室副主任
,党政办公室副主任
,省委法委会委员
,党群部业务经理
,党委办公室副主任
,纪委办负责人
,区委员
,党委办副主任
,党代会党代表
,党群办公室)副经理
,党群办(监察室)主任
,党群办主任
,县委办公室机要秘书
,党委办公室主任
,中共预备党员
,加入中国共产党
,党校经济学研究生
,省委党校经济学研究生
,加入中国共产党
,加入中国共产党
,党群部团委副书记
,党委办公室临时负责人
,党群办公室副主任
,党委组织部部长
,党政办公室副主任
,党政办公室副主任
,纪委监察综合室主任
,纪委国资监管工委委员
,党校经济学研究生
,省委党校经济学研究生
,区委(府)新闻信息科科长
,市委正处级秘书
,市委督查室督查室副主任
,党群人事部部长
,党委办公室主任
,中共深圳市委组织部确认为深圳市杰出专家
,市委组织部确认为深圳市杰出专家
,党总支部书记
,党办)副处长
,党委办公室秘书
,市委驻深单位纪工委副书记
,纪委派驻第七纪检监察组副组长
,纪委派驻第四纪检组副组长
,纪委办)主任
,党组联系专家
,党群人事部经理
,党群办文秘
,党委组织部部长
,市委第二批党的群众路线教育实践活动第一督导组任副组长
,党校大学本科学历
,党群部纪检干事
,党委组织部部长
,党委办公室主任
,中共中央党校经济管理研究生
,纪委监委第十纪检监察室干部
,中共十六大代表
,省委第六轮巡视工作
,中共预备党员
,党委办公室宣传干事
,党政办公室主任
,党校常务副校长
,党委宣传部副部长
,中共中央党校(国家行政学院)高级经济师
,共产党员
,党校行政科副科长
,纪委办主任
,纪委调研法规室副主任
,党政办公室主任
,中央党校大学学历
,纪委监察局纠风室(市政府纠风办)副主任
,党风廉政建设室副主任
,纪委监委机关党委书记
,加入中国共产党
,省委办公厅办公室副处级秘书
,党委宣传部副部长
,党委组织部部长
,加入中国共产党
,中共海西州委党校讲师
,加入中国共产党
,党委行政办公室主任
,党委行政)副主任
,党委行政办公室主任
,党委行政办公室主任
,加入中国共产党
,加入中国共产党
,加入中国共产党
,县委办工作
,县委第一副书记
,市委组织部干部
,区委办副主任
,区委办副主任
,加入中国共产党
,加入中国共产党
,省委员
,加入中国共产党
,加入中国共产党
,加入中国共产党
,加入中国共产党
,加入中国共产党
,党委办公室主任
,加入中国共产党
,加入中国共产党
,党政办公室宣传干事
,党政办公室副主任
,党委宣传部部长
,党委宣传部部长
,加入中国共产党
,加入中国共产党
,加入中国共产党
,党组纪检组办公室副主任
,区委宣传部工作
,区委党校校长
,加入中国共产党
,党委办公室副主任
,党委组织部部长
,加入中国共产党
,加入中国共产党
,党组织任第一书记
,党组织第一书记
,市委民办教育支部副主委
,市委企业家联谊会常务理事
,党总支部书记
,党群处)副处长
,党委办主任
,党总支部书记
,党委办公室主任
,纪委办公室主任
,县委党校教师
,党总支部书记
,毕业于中共中央党校
,党委宣传部副科长
,党委办公室负责人
,中共莆田市铁路建设办公室党支部书记
,党群人事部副部长
,党委办公室副主任
,党委纪委委员
,党群人事部部长
,党办)副主任
,党校大学学历
,省委党校大学学历
,县委办公室干部
,党总支部书记
,党总支部书记
,党总支部书记
,党委办主任
,纪委办公厅信息处处长
,纪委宣传教育室副主任
,纪委宣传部副部长
,纪委办公厅副主任
,纪委监委办公厅副主任
,区委办公室干部
,中共长沙市委办公厅综合调研室干部
,市委办公厅综合调研室干部
,中共长沙市委组织部研究室主任
,市委组织部研究室主任
,县委办公室副主任
,市委办公厅副主任
,区委党校校长
,纪委监察处副处级纪检监察员
,纪委案件检查室主任
,党委办公室主任
,纪委调研法规室副主任
,纪委办公厅副主任
,省委企业工委副处级干部
,党委办公室秘书
,中央党校一年制中青班(21期)学习
,党委办公室)副主任
,党组织副书记
,党委组织部HR专业总监
,党校大学学历
,中共中央党校经济管理专业
,党委组织部部长
,党委宣传部部长
,中央党校大学学历
,县委宣传部射阳日报社副主任
,省委宣传部处长
,党校代理副校长
,党群部副部长
,纪委监察局执法监察室(纠风室)干部
,党委宣传部副部长
,毕业于中共
,毕业于中共党校
,毕业于广西自治区党校
,党委任委员
,党工部北京办主任
,县委办主任
,中共中央党校(国家行政学院)高级经济师
,中共杭州市余杭区委常委
,中共杭州市委副秘书
,中共杭州市委宣传部副部长
,市委宣传部副部长
,党委办公室副主任
,加入中国共产党
,党委组织部)副部长
,省委组织部帮助工作
,中共中央办公厅通信局秘书
,党群工作部
,党校常务副校长
,党组纪检组副组长
,党组纪检组副组长
,党委巡视办公室主任
,纪委筹建组组长
,党委组织部部长
,党委组织部部长
,加入中国共产党
,党委办公室主任
,加入中国共产党
,加入中国共产党
,中共湖北省委宣传部理论处副处长
,省委宣传部理论处副处长
,中共湖北省委宣传部宣传教育处处长
,省委宣传部宣传教育处处长
,加入中国共产党
,毕业于中共中央党校
,毕业于吉林省委党校
,毕业于吉林省委
,党委专职副书记
,纪委监察室主任
,党委组织部副部长
,省委企业工委组织宣传部部长
,市委宣传部纪检组长
,党委宣传统战委员
,党校法学部教师
,省委党校法学部教师
,党校法学教研部教授
,省委党校法学教研部教授
,党委宣传统战部部长
,党委宣传部部长
,加入中国共产党
,市委办公室副主任
,市委组织处副处长
,党委组织部部长
,党委办公室干事
,党委办公室主任
,中央党校大学学历
,加入中国共产党
,党委办公室主任
,党总支(代理)书记
,中共吉林省委党校经济学讲师
,党校经济学讲师
,省委党校经济学讲师
,党委宣传部部长
,共产党员
,中共广东宝丽华集团有限公司党委副书记
,中共深圳市委副秘书
,区委组织部部务委员
,区委编办主任
,加入中国共产党
,党校本科学历
,省委党校本科学历
,县委办公室副主任
,中央党校函授本科学历
,党委办公室干事
,党委办公室)主任
,纪委案件审理室副处级纪检监察员
,党委组织部部长
,党委组织部部长
,党委宣传部干事
,党委宣传部干事
,党委组织部主任
,党委组织部主任
,中共许昌市委常委
,中共许昌市委副书记
,市委党校校长
,省委机关团委书记
,省委组织部副部长
,机关党委专职副书记
,省委机关党委专职副书记
,市委办公室主任
,纪委宣传教育室副处级纪检监察员
,纪委宣传教育室副主任
,中共通许县委副书记
,纪委机关党委副书记
,机关党委专职副书记
,纪委机关党委专职副书记
,机关党委专职副书记
,纪委监委机关党委专职副书记
,省委宣传部副部长
,中共株洲市石峰区委常委
,区委办公室主任
,中共株洲市荷塘区委常委
,中共株洲市荷塘区委副书记
,市委宣传部副部长
,市委宣传部副部长
,党群工作部
,党群工作部
,党委办)主任
,党委办公室)和调查处工作
,党政办公室接待科科长
,党政办公室副主任
,党委专项巡察组副组长
,党委专项巡察组副组长
,党委办公室主任
,党委会办公室主任
,党委办公室主任
,党委办公室主任
,加入中国共产党
,纪委派驻纪检监察一组组长
,加入中国共产党
,区委办综合科科长
,共产党员
,加入中国共产党
,加入中国共产党
,党委常务副书记
,纪委办公室主任
,党群处处长
,加入中国共产党
,省委青工部正科级干事
,党委办公室副主任
,党委宣传部干事
,党委组织部部长
,党委宣传部部长
,党委常务副书记
,共产党员
,中共中央党校(国家行政学院)高级经济师
,加入中国共产党
,中共福州市律师协会党委委员
,党委组织部副部长
,党委办副主任
,纪委办副主任
,加入中国共产党
,党组纪检组副组长
,党委组织部部长
,省委省政府高级咨询专家
,加入中国共产党
,加入中国共产党
,加入中国共产党
,加入中国共产党
,加入中国共产党
,加入中国共产党
,加入中国共产党
,党委办公室副主任
,党委办公室主任
,加入中国共产党
,加入中国共产党
,加入中国共产党
,加入中国共产党
,加入中国共产党
,加入中国共产党
,加入中国共产党
,县委组织部办公室主任
,市委组织部副部长
,纪委监察部机关事务管理局财务二处副处长
,加入中国共产党
,加入中国共产党
,党组办主任
,党委办公室主任
,县委办主任
,党委筹备组组长
,加入中国共产党
,加入中国共产党
,市委办公室综合科科长
,市委政策研究室主任
,市委办公室副主任
,市委办公室副主任
,党委组织部)部长
,党委组织部)部长
,加入中国共产党
,加入中国共产党
,党委第一副书记
,区委办公室副主任
,党校经济学研究生
,省委党校经济学研究生
,党总支部书记
,省委企业工委副科级干部
,党委办公室副主任
,加入中国共产党
,加入中国共产党
,党总支部书记
,加入中国共产党
,加入中国共产党
,加入中国共产党
,支部专职副书记
,工作于中共北京市委
,加入中国共产党
,加入中国共产党
,加入中国共产党
,加入中国共产党
,县委办公室科长
,中央党校大学经济管理专业
,加入中国共产党
,工作简历:2001.07-2007.07冀东水泥集团纪委
,加入中国共产党
,党政办公室副主任
,共产党员
,加入中国共产党
,党政办公室业务经理
,党委办公室主管
,加入中国共产党
,党校法律专业
,省委党校法律专业
,省委党校研究生
,党委工会办公室副主任
,党校中青班学习
,市委党校中青班学习
,党校经济管理专业
,省委党校经济管理专业
,中共峨眉山市委宣传部干事
,市委宣传部干事
,中共峨眉山市委办公室主任
,市委办公室主任
,党校人事部人事干部
,省委党校人事部人事干部
,省委组织部干部
,省委组织部办公室副主任
,县委办主任
,党政办后勤主管
,党委办公室副主任
,党委筹建组组长
,党委筹建组组长
,中共宁陵县委副书记
,党委办公室副主任
,纪委省监察厅驻省卫生厅纪检组监察室副主任
,纪委省监察厅驻省卫生厅纪检组监察室副组长
,纪委省监察厅驻省卫生计生委纪检组监察室副组长
,党委办公室主任
,省委党校毕业
,毕业于中央党校
,党委办公室主任
,党群人事部副部长
,党群人事部副主任
,党委统战部副部长
,党委组织部部长
,加入中国共产党
,市委办公室机要处干部
,加入中国共产党
,市委青工部副部长
,党校第一校长
,毕业于中共
,毕业于中共北京市委党校
,毕业于中共北京市委
,党委常务副书记
,加入中国共产党
,中共湖北省委十大改革智库之一“湖北省社会建设和社会治理研究中心”主任
,省委十大改革智库之一“湖北省社会建设和社会治理研究中心”主任
,机关党委党委书记
,加入中国共产党
,党委办主任
,党委常务副书记
,加入中国共产党
,加入中国共产党
,加入中国共产党
,加入中国共产党
,党委组织部干部
,党委组织部部长
,党委办公室主任
,党委办公室主任
,党委办公室)副主任
,党校第一副校长
,县委组织部参加工作
,加入中国共产党
,党委办公室主任
,党总支第二支部党支部书记
,支部党支部书记
,党群部科长
,市委研究室综合处副处长
,中共乌鲁木齐市委委员
,党委组织处副处长
,党委宣传部部长
,加入中国共产党
,加入中国共产党
,副书记(2017.03改党委
,加入中国共产党
,党委办公室主任
,加入中国共产党
,加入中国共产党
,加入中国共产党
,加入中国共产党
,党委组织部部长
,党委筹备组组长
,党委筹备组组长
,党政办公室副主任
,中共开远市委任党委常委
,市委任党委常委
,中共建水县委副书记
,县委党校校长
,中共红河州委纪委副书记
,中共绿春县委书记
,中共红河州委常委
,中共红河州委常委
,市委办公室科长
,党委宣传部副部长
,中央党校大学学历
,党委常务副书记
,加入中国共产党
,党委办公室党委秘书
,党办)副主任
,党委办公室副主任
,党委办公室副科级秘书
,党群办副主任
,党委办副主任
,共产党员
,区委组织部部长
,党总支部书记
,党委办主任
,党政办公室副主任
,中共桂林市七星区委委员
,党委(纪委)办公室主任
,纪委)办公室主任
,党委组织部部长
,党委青年委员
,毕业于中共
,毕业于中共宁德市委党校
,毕业于中共宁德市委
,党务部部长
,中央党校经济管理专业
,纪委检查室主任
,工作于三明市委
,省委办公厅副主任
,党委宣传部部长
,中共浙江省委党校工商管理教研部主任
,党校工商管理教研部主任
,省委党校工商管理教研部主任
,共产党员
,共产党员
,党委专职副书记
,市委会委员
,市委机要秘书
,党委机要秘书
,市委统战与联络部部长
,区委(府)办副主任
,纪委监察部驻工业和信息化部纪检组副组长
,党委办公室主任
,党委办公室秘书
,党委办秘书
,党群监察部副主任
,党委组织部(人力资源部)组织处处长
,中共山东省十一次党代会代表
,中共烟台市十三次党代会代表
,毕业于中共中央党校
,加入中国共产党
,党校第十四期中青一班学习
,省委党校第十四期中青一班学习
,中央党校中青二班学习
,省委副处级干部
,省委办公厅综合调研一处副处长
,省委正处级干部
,中共北京市第十二次党代会代表
,党委办公室副主任
,区委员
,中共北京市委党校本科毕业
,党校本科毕业
,市委党校本科毕业
,党群部部长
,党群监察(人力资源)部副部长
,党委办主任
,共产党员
,党委组织委员
,党委机要秘书
,共产党新昌县第十三届党代表
,党委办公室秘书
,党委办公室副主任
,党委办公室主任
,党委办公室主任
,中央党校经济管理本科学习
,党群办主任
,党委办公室副主任
,党办室副主任
,纪委副处级纪检监察员
,党校大学学历
,党委办公室主任
,党校大学学历
,中共十六大代表
,党委办公室主任
,党支部支部书记
,党总支任命为朝阳区司法局第三联合党支部支部书记
,共产党员
,市委市政府副秘书
,加入中国共产党
,团委任副书记
,党委办公室主任
,党委组织部部长
,党委宣传部副部长
,纪委组织部副部长
,纪委监委组织部副部长
,党政办公室副主任
,党校中青二班学习
,省委党校中青二班学习
,党委办副主任
,中共预备党员
,中共南通市注册会计师行业党委副书记
,中央党校函授本科学历
,党代会党代表
,毕业于中央党校
,中共预备党员
,中共海南省委组织部工作
,省委组织部工作
,中共预备党员
,共产党员
,主管并兼任党委
,党务工会主管
,区委宣传部副部长
,区委宣传部常务副部长
,党委组织部工作
,党委宣传部副部长
,党委宣传部副部长
,党委宣传统战部部长
,党委组织部(人事处)部长
,纪委办公室(监察审计处)主任
,党委组织部部长
,中共中央党校经济管理专业
,党委宣传部理论干事
,党委宣传部部长
,党委组织部)副部长
,就职于昆明市委
,共产党员
,中央党校第68期厅局级干部
,中共海宁市马桥街道委员
,党委办公室主任
,党委成立20周年十佳先锋党员
,市委办公室副主任
,党委宣传部部长
,市委督查室主任
,省委副处级干事
,任职于中共上海市委
,中共安徽省律协党委副书记
,团委开发部部长
,中共西藏昌都地委副秘书
,党总支部书记
,党委组织部部长
,中共广东省委宣传部副处级秘书
,省委宣传部副处级秘书
,省委外宣办(省政府新闻办)副主任
,党委专职副书记
,党群办干事
,中央党校经济法学专业
,支部专职副书记
,党委组织部部长
,党委统战部部长
,党委组织部)部长
,共产党员
,共产党员
,党总支部书记
,共产党员
,共产党员
,共产党员
,共产党员
,共产党员
,共产党员
,共产党员
,共产党员
,共产党员
,共产党员
,共产党员
,共产党员
,共产党员
,共产党员
,共产党员
,党委办主任
,市委市政府信息中心主任
,中共珠海市纪委派驻市国土局纪检组副组长
,纪委派驻市国土局纪检组副组长
,党委办副主任
,中共上海市第十届党代会代表
,党委常务副书记
,市委党校主任
,中共芜湖市党代表
,纪委正处级纪检监察员
,市委研究室主任
,市委组织部组织处处长
,副书记兼党委
,中共三泰控股集团综合党委书记
,中共海口市纪委委员
,加入中国共产党
,加入中国共产党
,党委办主任
,党委办主任
,中共海宁市委办公室主任
,市委办公室主任
,党委办副主任
,党委办副主任
,共产党员
,党委办公室任主任
,党政办公室工作
,共产党员
,共产党员
,党委办公室副主任
,中共广东省委党校(广东行政学院)工作
,党校(广东行政学院)工作
,省委党校(广东行政学院)工作
,党委办公室主任
,中共江苏省委决策咨询委员
,省委决策咨询委员
,中共宜宾市委委员
,共产党员
,党委组织部部长
,党委宣传部副部长
,党委办公室副主任
,中共福州市律师协会党委委员
,党委办公室主任
,党委办公室主任
,党组纪检组副组长
,纪委监察部监察综合室干部
,共产党员
,中共广州市第九次党代会代表
,党组织书记
,党群党支部书记
,党群党支部书记
,中共杭州市委办公厅正科级秘书
,市委办公厅正科级秘书
,中共云南省第10届党代会党代表
,党代会党代表
,市委党校秘书
,共产党员
,共产党员
,纪委审计监察部财务审计科科长
,加入中国共产党
,共产党员
,省委宣传部办公室副主任
,机关党委办公室主任
,省委宣传部机关党委办公室主任
,中共长高集团党委委员
,中共长高集团支部书记
,共产党员
,共产党员
,纪委监察局办公厅正处职秘书
,共产党员
,党委宣传部副部长
,区委办公室副主任
,共产党员
,共产党员
,共产党员
,党委专职副书记
,党委专职副书记
,党委专职副书记
,党委办公室副主任
,中共雅安市委候补委员
,市委候补委员
,毕业于中共
,毕业于中共青岛市委党校
,毕业于中共青岛市委
,中央党校本科学历
,加入中国共产党
,共产党员
,党委办公室主任
,加入中国共产党
,共产党员
,党委)办公室主任
,党总支部书记
,加入中国共产党
,中共株洲市石峰区委副书记
,省委科技文化发展中心和安徽省幼儿智力开发中心宣传科长
,党总支部副书记
,党支部组织委员
,党总支部书记
,党委组织部部长
,共产党员
,加入中国共产党
,中共长沙市委政研室工作
,市委政研室工作
,共产党员
,中共河南省第九届党代表
,中共安徽省委办公厅处长
,省委办公厅处长
,县委任副书记
,市委历任副秘书
,中共黑龙江肇源县委党校助教
,县委党校助教
,中共黑龙江省委党校讲师
,省委党校讲师
,共产党员
,中共广东省委党校本科毕业
,党校本科毕业
,省委党校本科毕业
,党委组织部部长
,党总支部书记
,党委办公室副主任
,中共凤冈县委副书记
,纪委综合监督室主任
,中共中节能万润股份有限公司总部第三党支部书记
,共产党员
,市委“2010年度首都大学生暑期社会实践先进工作
,党委办公室主任
,纪委办公室副主任
,加入中国共产党
,党校经济管理专业
,省委党校经济管理专业
,党委办公室(行政办公室)副主任
,党工委兼职委员
,加入中国共产党
,党群办副主任
,党委组织部部长
,共产党员
,团委组织部长
,中共六建党委委员
,省委政研室经济科技处副处长
,省委政研室副主任
,中共海门市国强乡党校常务副校长
,党校常务副校长
,加入中国共产党
,区委办公室工作
,党委办公室副主任
,县委办公室科长
,县委组织部副科长
,共产党员
,党代会党代表
,共产党员
,市委办公室副主任
,中共湖州市委办公室综合科副科长
,市委办公室综合科副科长
,团委办公室主任
,党委宣传部部长
,党委组织部副部长
,党委组织(人力资源)部副部长
,党委办公室工作
,党委全面工作
,共产党员
,共产党员
,党委办干事
,共产党员
,共产党员
,共产党员
,党群支部副书记
,党委办公室主任
,纪委办公室主任
,团委办公室主任
,党委办公室副主任
,市委党校任职
,共产党员
,共产党员
,加入中国共产党
,加入中国共产党
,县委办公室任副主任
,党校科研处长
,市委党校科研处长
,共产党员
,党群部部长
,市委政协委员
,纪委办公室副主任
,党政办公室副主任
,党政办公室副主任
,党总支部副书记
,中共湖北省委十大改革智库之一“湖北省社会建设和社会治理研究中心”主任
,省委十大改革智库之一“湖北省社会建设和社会治理研究中心”主任
,中共深圳市福田区委副书记
,中共中央党校经济学教授
,纪委监察科副科长
,纪委监察室主任
,毕业于辽宁省委党校
,毕业于辽宁省委
,党委组织部部长
,党委组织部副部长
,党校和行政学院兼职教授
,中共北京市委党校社会学部副主任
,党校社会学部副主任
,市委党校社会学部副主任
,就职于湖南省省纪委
,党组纪检组副组长
,党委组织部副部长
,党工委“优秀党务工作
,党委宣传部部长
,党委组织部部长
,市委组织部和哈尔滨市科技局任职
,机关党委宣传处副处长
,党委宣传部干事
,纪委(监察)办公室干事
,纪委(监察)办公室干事
,党委组织部科长
,加入中国共产党
,毕业于中共中央党校
,加入中国共产党
,加入中国共产党
,党委组织部)培训开发处副处长
,党委组织部部长
,加入中国共产党
,加入中国共产党
,加入中国共产党
,加入中国共产党
,党委办公室副主任
,党委宣传部副部长
,党委办公室主任
,党委宣传部部长
,党群工作部
,党委常务委员
,加入中国共产党
,党校大学学历
,省委党校大学学历
,共产党员
,党委办公室负责人
,党校(四川行政学院)教师
,省委党校(四川行政学院)教师
,党委宣传科长
,党组纪检组副组长
,党组纪检组成员
,省委党校毕业
,中共闸弄口街道党工委委员
,县委组织部调研室主任
,共产党员
,党政办公室主任
,党群部组织干事
,共产党员
,区委会委员
,党群部主任
,党群部副主任
,纪委办公室主任
,加入中国共产党
,加入中国共产党
,党委组织部部长
,中共南京市第十四届党代会代表
,党委办公室主任
,共产党员
,共产党员
,区委会委员
,党群监察室主管
,区委宣传部副部长
,区委政研室主任
,加入中国共产党
,中共预备党员
,共产党员
,共产党员
,中共南京市江宁区第十三次党代会代表
,党校工商管理专业
,省委党校工商管理专业
,党委办公室(党委宣传部)主任
,党委宣传部)主任
,党政办公室主任
,省委员
,中共安徽省委政法委员
,省委政法委员
,加入中国共产党
,就职于浙江开尔新材料股份有限公司党群
,党校公共管理专业
,省委党校公共管理专业
,中共湘潭县委副书记
,加入中国共产党
,中共云南省委第七巡视组组长
,省委第七巡视组组长
,党总支组织委员
,党委办公室任职
,党委组织部工作
,党委宣传干事
,党群办主任
,共产党员
,党群部部长
,共产党员
,中共安徽省委党校研究生
,省委党校研究生
,党群办主任
,党委宣传部副部长
,党校理论专业
,省委机关工作
,共产党员
,省委办公厅工作
,市委组织部常务副部长
,加入中国共产党
,中共浙东游击纵队金萧支队派回金华地区工作
,中共金华城工委委员
,加入中国共产党
,中共清水源(上海)环保科技有限公司党支部书记
,党委办公室副主任
,党委办公室主任
,区委“党员
,党群办主任
,共产党员
,党委办秘书
,党委宣传部副部长
,中央党校函授学院经济管理专业
,区委组织部副部长
,区委办公室主任
,党政办公室主任
,中共贵阳市观山湖区委副书记
,中共济南市第九届党代会代表
,共产党员
,共产党员
,市委青年委委员
,共产党员
,共产党员
,毕业于黑龙江省委党校
,毕业于黑龙江省委
,党校本科学历
,省委党校本科学历
,共产党员
,党群办主任
,中共阿克塞县委办公室工作
,县委办公室工作
,毕业于中共
,毕业于中共湖北省委党校
,毕业于中共湖北省委
,市委宣传部宣传科长
,省委会副主委
,党校金融专业
,省委党校金融专业
,团委办公室主任
,中共广东省委党校本科学历
,党校本科学历
,省委党校本科学历
,党校经济学研究生
,省委党校经济学研究生
,党委组织委员
,共产党员
,中共预备党员
,中央党校经济管理专业
,党委办公室主任
,毕业于中共中央党校
,省委党校毕业
,中共中央党校函授学院本科学历
,就职于宁波市委
,毕业于江苏省委党校
,毕业于江苏省委
,党组织书记
,党委办公室主任
,就职于成都市委党校
,就职于成都市委
,就职于中共广东省委
,中共广东省委宣传部办公室主任
,省委宣传部办公室主任
,中共东昌区委综合信息科科长
,区委综合信息科科长
,就职于湖南省省纪委
,党政办公室主任
,党委办公室主任
,党校法学讲师
,就职于浙江省委
,共产党员
,党委组织部副部长
,共产党员
,机关党委总支书记
,党支部专职副书记
,党校修读经济管理研究生
,省委党校修读经济管理研究生
,党委会委员
,机关党委常务副书记
,党群工作部
,党委办公室)主任
,中央党校大学学历
,党委办公室)主任
,党委组织部(人事部)综合管理处处长
,党委巡察办公室主任
,党委办公室)调研处业务主管
,党委办公室)调研处业务主任
,党委办公室)调研处处长
,党委办公室)外事处处长
,党委办公室)副主任
,党委筹备组副组长
,党委宣传部副科长
,中共四川省广安市市委常委
,加入中国共产党
,党校大学学历
,省委党校大学学历
,县委办公室秘书
,市委办公室秘书
,市委办公室副主任
,党委办公室主任
,党委办公室副主任
,党委办公室副主任
,党组织负责人
,党委办公室主任
,党委办公室(党委宣传部)主任
,党委宣传部)主任
,党委统战部)主任
,加入中国共产党
,加入中国共产党
,省委党校研究生
,加入中国共产党
,加入中国共产党
,纪委案件检查室主任
,纪委案件检查室主任
,加入中国共产党
,加入中国共产党
,加入中国共产党
,加入中国共产党
,加入中国共产党
,加入中国共产党
,加入中国共产党
,党委组织部副部长
,党委组织部)副部长
,党委组织部副部长
,党委组织部副部长
,加入中国共产党
,党委办公室副主任
,党委办公室工作
,党委办公室工作
,加入中国共产党
,加入中国共产党
,加入中国共产党
,党委筹备组组长
,加入中国共产党
,加入中国共产党
,党组组织部部长
,加入中国共产党
,加入中国共产党
,中共中央宣传部干部
,中共深圳市罗湖区委宣传部副部长
,区委宣传部副部长
,中共深圳市委宣传部副处长
,市委宣传部副处长
,中共深圳市福田区委宣传部副部长
,区委宣传部副部长
,中共深圳市委直属机关工委办公室主任
,市委直属机关工委办公室主任
,党委办公室副主任
,党委办公室干事
,中共铁道部党校讲师
,中共北京市委宣传部办公室主任
,市委宣传部办公室主任
,党委办公室主任
,加入中国共产党
,加入中国共产党
,加入中国共产党
,中共南航集团公司党校（南航集团公司管理学院）专职副校长
,党校（南航集团公司管理学院）专职副校长
,中共南航集团公司党校（南航集团公司管理学院）专职副校长
,党校（南航集团公司管理学院）专职副校长
,党委组织部副部长
,党委宣传部部长
,党委宣传部部长
,党委组织部部长
,加入中国共产党
,加入中国共产党
,省委办公厅工作
,市委宣传部办公室副主任
,加入中国共产党
,党委组织部部长
,纪委办公室主任
,党组纪检组副组长
,党委办公室主任
,党委办公室副主任
,共产党员
,党委组织部部长
,市委督查室副主任
,市委办公厅副主任
,中共黄山区委常委
,任职于中共上海市委
,党委办公室主任
,市委统战部办会室干事
,加入中国共产党
,县委组织部副科长
,党委办公室副主任
,市委办综合二处(法治处)副处长
,市委市政府总值班室主任
,加入中国共产党
,中共中央组织部处长
,党委组织部部长
,党组组织部)副主任
,加入中国共产党
,加入中国共产党
,加入中国共产党
,加入中国共产党
,纪委综合案管室主任
,加入中国共产党
,加入中国共产党
,加入中国共产党
,加入中国共产党
,党委办公室)副主任
,加入中国共产党
,加入中国共产党
,加入中国共产党
,加入中国共产党
,加入中国共产党
,加入中国共产党
,加入中国共产党
,加入中国共产党
,加入中国共产党
,党委组织部副部长
,党委宣传部副部长
,加入中国共产党
,加入中国共产党
,加入中国共产党
,加入中国共产党
,加入中国共产党
,党委组织部部长
,党校本科学历
,党委巡察室负责人
,市委工业工委副书记
,加入中国共产党
,党委办公室主任
,党委办公室主任
,党委巡察办公室(审计办公室)副主任
,就职于中央纪委
,就职于中纪委
,党群工作部
,党办(监察室)主任
,中共新疆维吾尔自治区委员
,区委员
,中共遂宁市委组织部副部长
,市委组织部副部长
,中共遂宁市委组织部副部长
,市委组织部副部长
,中共遂宁市委党史研究室主任
,市委党史研究室主任
,中共遂宁市船山区委办公室网管中心副主任
,区委办公室网管中心副主任
,中共遂宁市船山区委办公室政研室主任
,区委办公室政研室主任
,中共遂宁市船山区委提名遂宁市天泰实业有限责任公司董事长及总经理
,区委提名遂宁市天泰实业有限责任公司董事长及总经理
,区委组织部副部长
,纪委办公室副主任
,党群办主任
,中共重庆市黔江区城东街道党工委书记
,党总支部书记
,党组巡视组副组长
,党委办公室主任
,中共射洪县委副书记
,党群人事部总经理
,党总支部书记
,党总支部书记
,党总支部书记
,党委办公室)主任
,共产党员
,中共上海市委办公厅机关党委办公室副主任
,机关党委办公室副主任
,市委办公厅机关党委办公室副主任
,党工部主办干事
,纪委办公室主任
,党组办公室)财务处处长
,党委办公室主任
,市委企工委副主任
,党委组织部)副部长
,中共山西兰花集团公司机关第三支部宣传委员
,支部宣传委员
,加入中国共产党
,共产党员
,党委第一巡察组组长
,党总支纪检委员
,党委组织部(人力资源部)主任
,党委常务副书记
,团委办公室负责人
,党组巡视办主任
,党组巡视办主任
,中共广州市第九次党代会代表
,党组织书记
,县委办公室科长
,党群部部长
,市委青工青农部部长
,市委办公室主任
,市委党组成员
,中共预备党员
,加入中国共产党
,加入中国共产党
,党委办公室副主任
,加入中国共产党
,加入中国共产党
,县委宣传部常务副部长
,党组织书记
,党委办主任
,党群部主任
,中共预备党员
,中共衢州市委常委
,党委教工部部长
,市委权益部任部长
,党政办公室副主任
,共产党员
,加入中国共产党
,党委常务副书记
,党支部第一书记
,加入中国共产党
,党委办公室副主任
,党委办公室副主任
,党委宣传部部长
,党委宣传部副部长
,党委宣传部副部长
,党委宣传部副部长
,党政办公室主任
,党委宣传部室副主任
,党委宣传部部长
,党委宣传统战部副处级干事
,党委宣传部副部长
,党委组织部(人力资源部)部长
,毕业于山东省委党校
,毕业于山东省委
,党校担任教师
,市委党校担任教师
,党组巡视组)副主席(副组长
,毕业于山东省委党校
,毕业于山东省委
,党委组织部(人力资源部)部长
,党委组织部长
,党群部经理
,区委会委员
,党办室主任
,党办室主任
,党委宣传部副部长
,共产党员
,中共预备党员
,中共十七大代表
,党委办公室副主任
,党委办公室副主任
,市委对口支援合作处副处长
,省委宣传部干事
,市委宣传部常务副部长
,党总支专职副书记
,党委)办公室副主任
,共产党员
,党校区域经济学研究生
,省委党校区域经济学研究生
,纪委纪监室主任
,党总支部书记
,省委办公室副主任
,省委宣传部部长
,党委宣传部副部长
,党委宣传部部长
,党委办公室(人力资源部)主任
,党委办公室/董事会办公室/办公室/工会办公室主任
,党委组织部/党委统战部副部长
,党委统战部副部长
,党政办公室副主任
,党政办公室秘书
,加入中国共产党
,党总支组织委员
,党委办公室)党务业务经理
,党务业务经理
,党委办公室副主任
,党务法务工作
,党群人事部部长
,党群人力资源部部长
,党委法律顾问团成员
,县委政法委副书记
,党委办公室副主任
,中共浙江海正集团有限公司党委书记
,中共浙江海正药业股份有限公司党委书记
,中共丽水市委党校教师
,市委党校教师
,中共阿坝州委州政府政策研究室副主任
,党群人力资源部主管
,党委巡察办助理主管
,党群部副部长
,党群工作部
,党组纪检组派驻华电江苏能源有限公司(中国华电集团公司江苏分公司)纪检组副组长
,团委宣传委员
,党群部主任
,党群部副主任
,区委组织部副科长
,市委研究室干部
,市委组织部干部
,市委组织部副部长
,区委组织部组织科科长
,党校常务副校长
,党校常务副校长
,党委办公室副主任
,省委组织部下派舟山市人民政府任副秘书
,纪委综合办公室主任
,机关党委办公室副主任
,纪委综合办主任
,机关党委办公室主任
,党委办公室主任
,党办）办公室主任
,党组织负责人
,中共包头市委副秘书
,党委办公室主任
,党委办公室主任
,市委宣传部部长
,党委办公室主任
,加入中国共产党
,县委办秘书
,市委研究室副主任
,市委办公室综合一处副处长
,党委宣传部部长
,党委办公室主任
,党委办公室主任
,市委学少部副部长
,党委组织部部长
,党委办公室主任
,党风廉政建设特约监察员
,纪委党风政风监督室副主任
,共产党员
,共产党员
,党委办公室主任
,纪委办公室主任
,党委常务副书记
,支部专职副书记
,市委组织部组织二科科长
,党委组织部部长
,党委办公室部长
,毕业于中央党校
,纪委正处级副书记
,党工部纪检主管
,党委办公室主任
,市委组织部同意放弃党政机关退休干部
,党委办公室副主任
,党总支部书记
,党务政工管理工作
,党委政工部副部长
,市委研究室综合一处处长
,中共武汉市委政研室经济处副处长
,市委政研室经济处副处长
,共产党员
,党委宣传部部长
,党委组织部副部长
,省委宣传部办公室副主任
,纪委常务副书记
,党群部部长
,党委办公室主任
,市委郊区部副部长
,党委宣传部干事
,加入中国共产党
,党组织负责人
,中共江西省委企业工委工作
,省委企业工委工作
,机关党委专职副书记
,市委市政府接待办公室党委书记
,省委省政府接待办公室副主任
,县委政法委副书记
,市委党校校长
,市委党校校长
,省委宣传部副部长
,党委办公室副主任
,党组纪检组组长
,党组纪检组长
,省委组织部办公室副主任
,纪委监察部驻交通部纪检组监察局监察员
,县委宣传部干部
,县委宣传部副部长
,县委办公室主任
,县委机关党总支书记
,中共上饶地委宣传部外宣科长
,中共江西省委外宣办网络处长
,省委外宣办网络处长
,中共江西省委宣传部网宣办主任
,省委宣传部网宣办主任
,中共江西省委宣传部舆情信息处处长
,省委宣传部舆情信息处处长
,党委组织部部长
,党委办公室副主任
,纪委办公室主任
,党委组织部部长
,中共江西省委宣传部文化体制改革和发展办公室主任
,省委宣传部文化体制改革和发展办公室主任
,中共江西委宣传部企业宣传处处长
,党委办公室副主任
,县委学少部部长
,党委办公室团委书记
,党委办公室团委书记
,中共北京市石景山区委常委
,党委宣传部长
,加入中国共产党
,加入中国共产党
,共产党员
,共产党员
,加入中国共产党
,加入中国共产党
,加入中国共产党
,党委宣传部部长
,党委办室主任
,党委宣传部部长
,纪委办公室主任
,加入中国共产党
,加入中国共产党
,加入中国共产党
,加入中国共产党
,加入中国共产党
,加入中国共产党
,党组纪检组派驻金山股份纪检组副组长
,加入中国共产党
,党组纪检组组长
,党组纪检组派驻乌江公司纪检组组长
,加入中国共产党
,党委宣传部干事
,党委办副科级秘书
,党委办公室副主任
,党总支部书记
,党委组织部干事
,加入中国共产党
,加入中国共产党
,中共唐山市委办公厅综合二处副处长
,市委办公厅综合二处副处长
,加入中国共产党
,加入中国共产党
,加入中国共产党
,团委代理书记
,党委宣传部部长
,党委统战部部长
,党委宣传部部长
,党委统战部部长
,党委组织部部长
,党委组织部部长
,党委组织部部长
,加入中国共产党
,加入中国共产党
,加入中国共产党
,加入中国共产党
,加入中国共产党
,党总支部书记
,加入中国共产党
,加入中国共产党
,加入中国共产党
,党支部宣传委员
,加入中国共产党
,党委组织部副部长
,党委组织部副部长
,党委组织部副部长
,加入中国共产党
,加入中国共产党
,加入中国共产党
,市委组织部干事
,团委组织部部长
,加入中国共产党
,党委组织部副部长
,党总支部书记
,党委组织部(人力资源部)部长
,党委组织部部长
,中共中国远洋海运集团有限公司党组纪检组副组长
,党组纪检组副组长
,加入中国共产党
,党委办公室科级秘书
,市委组织部党群科副科长
,党群科副科长
,支部干审科科长
,中共东山县委副书记
,党委办公室)副主任
,团委组织干事
,党校)教师
,党校办公室副主任
,中共江西省委党校教师
,省委党校教师
,党委组织部部长
,党委办公室主任
,党委办公室主任
,党委办公室主任
,党委办公室主任
,党委办公室主任
,党委办公室主任
,党委办公室主任
,党委办公室主任
,中共株洲市委组织部副科长
,市委组织部副科长
,党委办公室)主任
,加入中国共产党
,中共中央党校政治学理论硕士研究生
,党委宣传部部长
,加入中国共产党
,共产党员
,党委组织部副部长
,党委办公室副主任
,加入中国共产党
,党政办公室副主任
,党政办公室副主任
,党委办公室主任
,党委办公室主任
,机关党委办公室处长
,机关党委宣传部部长
,加入中国共产党
,中央党校大专学历
,市委宣传部工作
,市委组织部工作
,中共文山州委常委
,党委组织部部长
,党支部宣传委员
,党组纪检组成员
,党委办公室副主任
,加入中国共产党
,党总支部书记
,县委组织部副部长
,县委组织部副部长
,县委组织部副部长
,党政办接待科科长
,党委办公室副主任
,加入中国共产党
,党政办党务秘书
,党委办公室主任
,党委组织部部长
,中共上海市长宁区委组织部副部长
,区委组织部副部长
,党委办公室主任
,纪委办公室主任
,党委党校(职工培训学校)副校长
,党校(职工培训学校)副校长
,党委办公室)主任
,中共十七大代表
,省委员
,中共安徽省委政法委员
,省委政法委员
,加入中国共产党
,加入中国共产党
,党群部部长
,党校经济管理专业
,加入中国共产党
,加入中国共产党
,加入中国共产党
,党委“互联网+基层党建”研究中心办公室主任
,党政办公室副主任
,纪委信访室副主任
,党委组织部部长
,党委宣传部)第一副经理
,党委宣传部)经理
,党委宣传部部长
,党委宣传部)经理
,党委办公室)主任
,中共淄博市临淄区委副书记
,中共聊城市东昌府区委副书记
,区委党校校长
,区委担任领导
,县委党校教师
,加入中国共产党
,支部专职副书记
,党支部组织委员
,县委办机要科副科级秘书
,省委宣传部办公室副主任
,加入中国共产党
,党委宣传部部长
,中共济川药业集团有限公司党委副书记
,共产党员
,加入中国共产党
,共产党员
,党群党支部书记
,纪委正科级干事
,加入中国共产党
,省委组织部“百人计划”成员
,党委组织处处长
,党委综合处处长
,党委办公室副主任
,党委组织部副部长
,党委组织部部长
,党委组织部部长
,中共浙江大学公法与比较法研究所党支部书记
,党委办公室主任
,党委办公室副主任
,党委宣传部副部长
,党支部宣传委员
,党支部宣传委员
,党支部宣传委员
,党支部宣传委员
,党支部宣传委员
,党支部宣传委员
,市委组织部科长
,省委党校研究生
,党委组织部部长
,党委办公室主任
,中共新疆维吾尔自治区委员
,区委员
,中共上海市委聘请法律专家
,市委聘请法律专家
,纪委办公室主任
,党委办公室主任
,党群部副部长
,市委研究室副处长
,毕业于中央党校
,党委办公室主任
,党委办公室主任
,党委宣传部干部
,区委办公室主任
,党委巡察组组长
,加入中国共产党
,党委办公室主任
,毕业于山西省委党校
,毕业于山西省委
,党委办公室副主任
,党委组织部部长
,纪委专职委员
,区委统战部副部长
,党群政法部副主任
,党委办公室高级经理
,加入中国共产党
,党群处处长
,纪委专职干部
,加入中国共产党
,加入中国共产党
,纪委专职委员
,纪委专职委员
,党委办公室副主任
,加入中国共产党
,加入中国共产党
,加入中国共产党
,区委政策研究室科长
,加入中国共产党
,加入中国共产党
,加入中国共产党
,团委青技部副部长
,党组纪检组组长
,市委办公室副主任
,市委办公室主任
,党委组织部部长
,加入中国共产党
,区委办公室干部
,市委外宣办事业发展处副处长
,共产党员
,区委宣传部(文广影视局)文明创建处处长
,区委办公室副主任
,加入中国共产党
,党校党委书记
,党委办公室主任
,党委办公室副主任
,党校第六期中青班学习
,党委办主任
,党委办公室主任
,加入中国共产党
,加入中国共产党
,中共黄浦区委统战部副部长
,区委统战部副部长
,加入中国共产党
,加入中国共产党
,加入中国共产党
,加入中国共产党
,市委组织部副部长
,加入中国共产党
,加入中国共产党
,中央党校经济管理专业
,加入中国共产党
,加入中国共产党
,加入中国共产党
,加入中国共产党
,毕业于中央党校
,加入中国共产党
,加入中国共产党
,加入中国共产党
,加入中国共产党
,加入中国共产党
,党委办公室副主任
,加入中国共产党
,加入中国共产党
,加入中国共产党
,党委办公室干部
,加入中国共产党
,加入中国共产党
,中共安徽省委办公厅处长
,省委办公厅处长
,区委组织部(人事局)人事综合处副处长
,区委宣传部新闻处处长
,党委办公室副主任
,党委办公室副主任
,党委宣传统战部部长
,党委办公室)主任
,党群工作部
,中共西安高新区党工委组织人事部部长
,党工委组织人事部部长
,中央党校经济管理本科毕业
,党委办公室主任
,党政办高级主管
,党委办公室主任
,中共五届金山区委委员
,市委研究室区县处副处长
,团委组织部长
,区委办公室主任
,区委政策研究室主任
,党委办公室主任
,市委督查室副主任
,党委组织部部长
,党委统战部部长
,党委统战部部长
,党委组织部部长
,共产党员
,党委组织部干事
,加入中国共产党
,党委办公室秘书
,毕业于中共中央党校
,毕业于中共
,毕业于中共黑龙江省委党校
,毕业于中共黑龙江省委
,党委办公室)副主任
,党委办公室主任
,省委员
,市委组织部办公室副主任
,毕业于中共
,毕业于中共吉林省委党校
,毕业于中共吉林省委
,党群办副主任
,党政办公室主任
,党委办公室任秘书
,党群机关党支部书记
,支部党支部书记
,党委(总支)书记
,党群部部长
,市委宣传部文化事业处副处长
,加入中国共产党
,省委党校教师
,党群办和综合办主任
,加入中国共产党
,党委综合办公室主任
,加入中国共产党
,加入中国共产党
,省委会副主委
,毕业于中共
,毕业于中共江苏省委党校
,毕业于中共江苏省委
,加入中国共产党
,市委员
,党群部副主任
,加入中国共产党
,机关党委专职副书记
,共产党员
,共产党员
,纪委)副部长
,加入中国共产党
,党委办公室(干部
,加入中国共产党
,加入中国共产党
,加入中国共产党
,加入中国共产党
,加入中国共产党
,共产党员
,加入中国共产党
,加入中国共产党
,加入中国共产党
,加入中国共产党
,加入中国共产党
,加入中国共产党
,加入中国共产党
,加入中国共产党
,机关党委产业支部书记
,加入中国共产党
,共产党员
,党委宣传部部长
,党委组织部党支部书记
,党委办主任
,党委组织部副部长
,毕业于中共
,毕业于中共北京市委党校
,毕业于中共北京市委
,党委办公室副主任
,党政办公室副主任
,党政办公室主任
,加入中国共产党
,党组宣传部部长
,中共湖南大学党委委员
,党委办公室主任
,加入中国共产党
,加入中国共产党
,党群部部长
,党委办公室副科长
,加入中国共产党
,加入中国共产党
,加入中国共产党
,加入中国共产党
,加入中国共产党
,加入中国共产党
,加入中国共产党
,加入中国共产党
,加入中国共产党
,省委宣传部外宣二处副科级干事
,加入中国共产党
,县委办公室主任
,加入中国共产党
,加入中国共产党
,加入中国共产党
,党委/厂办副主任
,共产党员
,党委办副主任
,党委办公室副主任
,区委员
,加入中国共产党
,党总支纪检委员
,中共通州市委办公室副主任
,市委办公室副主任
,中共通州市金沙镇党委书记
,中央党校法律专业
,中共凤冈县委副书记
,共产党员
,共产党员
,党组纪检组长
,党委办公室主任
,区委候补委员
,中共卓尔企业党委委员
,党组纪检组副组长
,共产党员
,党委纪委办公室副主任
,纪委办公室副主任
,党委组织部部长
,党委离退休部部长
,县委统战部副部长
,县委统战部副部长
,县委宣传部文明办干部
,党校党委书记
,县委党校党委书记
,共产党员
,党委组织委员
,加入中国共产党
,党委办主任
,工作部(党组
,党建工作部
,党委办公室)主任
,党组纪检组办公室主任
,加入中国共产党
,加入中国共产党
,加入中国共产党
,党群办主任
,党委办公室主任
,加入中国共产党
,加入中国共产党
,加入中国共产党
,加入中国共产党
,加入中国共产党
,加入中国共产党
,加入中国共产党
,市委组织部干部
,党委办秘书
,中共中央党校函授学院在职函授学习
,机关党委团委书记
,市委组织部干事
,党委常务副书记
,党委组织部副部长
,党委组织部部长
,党办)主任
,党委组织部部长
,党组织书记
,市委员
,党委宣传部部长
,党委办公室主任
,党委办公室秘书
,党委组织部)副部长
,党委组织部部长
,党委办公室主任
,中共上海市普陀区委书记
,党委办主任
,市委研究室副处长
,党委办公室副主任
,党办室主任
,党总支第一分支书记
,党支部总支书记
,党政办公室主任
,党委办公室主任
,中共汉中市委宣传部工作
,市委宣传部工作
,中共陕西省委宣传部工作
,省委宣传部工作
,市委宣传部办公室主任
,区委宣传部部长
,中共上海报业集团党委委员
,党群部部长
,市委宣传部副部长
,市委外宣办(市府新闻办)副主任
,中共上海市委宣传部秘书
,市委宣传部秘书
,党委办公室副主任
,纪委办公室主任
,党委历任党办秘书
,省委会第一科技支部副主任
,加入中国共产党
,纪委(监察局)宣教室副科级纪检监察员
,党群办副主任
,党群办主任
,党委组织部副部长
,党委宣传部干事
,共产党员
,共产党员
,任职于上海市纪委
,党委办公室主任
,党总支部副书记
,党总支部书记
,党委宣传干事
,中共上海市委党校本科生
,市委党校本科生
,加入中国共产党
,加入中国共产党
,加入中国共产党
,加入中国共产党
,加入中国共产党
,加入中国共产党
,加入中国共产党
,党组织成员
,加入中国共产党
,加入中国共产党
,加入中国共产党
,党委会办公室)主任
,加入中国共产党
,加入中国共产党
,纪委副处级监察员
,共产党员
,党群人力党支部书记
,市委商贸工委干部
,加入中国共产党
,加入中国共产党
,加入中国共产党
,中共预备党员
,党组纪检组驻北京分组组长
,党组国际石油勘探开发公司巡视组组长
,中共十六大代表
,党委常务副书记
,支部党支部书记
,党群工作部
,支部党支部书记
,省委会副主委
,党群部部长
,党群部副部长
,党群部部长
,党委办公室副主任
,党委办公室秘书
,任职集团党群
,党组纪检组成员
,中共预备党员
,市委办公厅调研综合处副处长
,市委宣传部副部长
,中共成都市委宣传部宣传处处长
,市委宣传部宣传处处长
,中共吉林省委党校经济学讲师
,党校经济学讲师
,省委党校经济学讲师
,共产党员
,党委办公室主任
,党组纪检组成员
,党组纪检组组长
,党组纪检组组长
,纪委办公厅副主任
,中共新疆维吾尔自治区委员
,区委员
,毕业于中共
,毕业于中共江苏省委党校
,毕业于中共江苏省委
,加入中国共产党
,纪委办公室副主任
,中共中国长江电力股份有限公司党校校长
,中共中国长江电力股份有限公司党校校长
,党群部主任
,区委办公室副主任
,共产党员
,任职于南京农业大学党委
,加入中国共产党
,省委学校部副部长
,省委组织部副部长
,省委联络部副部长
,省委联络部部长
,纪委信访室正处级干部
,机关党委专职副书记
,纪委机关党委专职副书记
,支部组织委员
,团委专职干事
,加入中国共产党
,党委办公室)主任
,团委青工部干事
,加入中国共产党
,市委政策研究室党群处正科级秘书
,党群处正科级秘书
,省委組织部办公室副主任
,党委办公室主任
,毕业于中共
,毕业于中共浙江省委党校
,毕业于中共浙江省委
,县委研究室主任
,党群部部长
,党委宣传部调研室干部
,党委宣传部文化市场管理处处长
,毕业于中共中央党校
,市委政策研究室助理秘书
,市委办公室秘书
,党委办公室主任
,毕业于中共中央党校
,中共合山市委宣传部新闻科长
,市委宣传部新闻科长
,党委机关刊物《当代广西》杂志社编辑
,县委宣传部副部长
,党委办公室)主任
,党委办主任
,党群部部长
,毕业于中共中央党校
,党委办)副主任
,党委办)主任
,县委青工部副部长
,市委统战部副部长
,市委宣传部副部长
,区委政法委副书记
,纪委办公室主任
,市委组织部办公室副主任
,省委学校部部长
,市委研究室城市经济处副处长
,市委研究室城市经济处处长
,市委研究室副主任
,市委宣传部副部长
,党委办公室主任
,党委办公室主任
,共产党员
,党委宣传部副部长
,中共中央中国澳门工委(中央政府驻澳联络办公室)宣传文化部宣传处副处长
,省委宣传部对外交流处副处长
,共产党员
,市委办副主任
,市委办主任
,市委统战部副部长
,市委宣传部副部长
,市委组织部电教中心副主任
,市委组织部电教中心主任
,区委办公室副主任
,市委宣传部副部长
,纪委监察部机关事务管理局财务二处副处长
,党委办副主任
,党委办主任
,加入中国共产党
,市委办主任
,党委办和行政办副主任
,党委办和行政办主任
,加入中国共产党
,纪委财务审计室主管
,党委宣传统战委员
,县委办工作
,县委督查室主任
,县委办副主任
,团委宣传部干事
,市委组织部办公室主任
,市委政法委委员
,中央党校在职研究生
,中共中央党校政法部法学博士学位
,市委农村部综合调研科副科长
,加入中国共产党
,加入中国共产党
,市委驻汝城岭秀建整扶贫工作
,党委办公室主任
,县委组织部副部长
,县委组织部副部长
,县委组织部副部长
,纪委(监察局)办公室主任
,纪委监委办公室主任
,中共湖北省委十大改革智库之一“湖北省社会建设和社会治理研究中心”主任
,省委十大改革智库之一“湖北省社会建设和社会治理研究中心”主任
,党工委专职副书记
,中央党校大专学历
,加入中国共产党
,共产党员
,党校大学学历
,省委党校大学学历
,党政办公室副主任
,党委宣传部部长
,加入中国共产党
,加入中国共产党
,中共中央党校(国家行政学院)高级经济师
,中共贵阳市委宣传部宣传处处长
,市委宣传部宣传处处长
,加入中国共产党
,中共思南县委宣传部副部长
,县委宣传部副部长
,中共铜仁地委办公室秘书
,中共贵州省委办公厅信息处副处长
,省委办公厅信息处副处长
,加入中国共产党
,党委办公室调研科副科长
,党委办公室科长
,加入中国共产党
,党委常务副书记
,党委办公室副主任
,党委办公室副主任
,中共独山县委副书记
,纪委办公室)主任
,纪委办公室)主任
,加入中国共产党
,区委办公室副主任
,加入中国共产党
,加入中国共产党
,党校函授部副主任
,市委第六届常委
,加入中国共产党
,党委办公室)副主任
,党委组织部)部长
,党组联系专家
,纪委案件审理室监察员
,纪委执法监察室主任
,加入中国共产党
,加入中国共产党
,党校在职大专学历
,加入中国共产党
,中共南京市委办公厅(政研室)经济处副处长
,市委办公厅(政研室)经济处副处长
,中共南京市委办公厅(政研室)城市发展处处长
,市委办公厅(政研室)城市发展处处长
,中共南京市委办公厅(政研室)政法纪检处处长
,市委办公厅(政研室)政法纪检处处长
,市委直属金融支社副主委
,党委巡视办公室主任
,毕业于山东省委党校
,毕业于山东省委
,中央党校第21期一年制中青班学习
,纪委监察综合室调研处纪检监察员
,党组纪检组副组长
,加入中国共产党
,中央党校经济管理专业
,机关党委群工处处长
,中共云南省委组织部干部
,省委组织部干部
,加入中国共产党
,加入中国共产党
,中共中央宣传部全国社会科学规划办学科评审组专家
,加入中国共产党
,党委组织部副部长
,党委组织部部长
,中共中央党校中央国家机关分校“春季班”脱产学习
,党委办公室主任
,党委办公室主任
,党委办公室主任
,党群办副主任
,毕业于山东省委党校
,毕业于山东省委
,加入中国共产党
,中央党校经济管理专业
,党委办公室副主任
,党委办公室主任
,党委办公室主任
,纪委监委派驻南京银行股份有限公司纪检监察组组长
,毕业于山东省委党校
,毕业于山东省委
,党委办公室副主任
,党委办公室主任
,党委办主任
,加入中国共产党
,党务管理组组长
,党委办公室高级经理
,中央党校大学学历
,中共神华集团公司党校常务副校长
,党校常务副校长
,县委办副主任
,加入中国共产党
,党委办公室主任
,党委办公室主任
,纪委监察局高级副经理
,党委办公室主任
,党委办公室主任
,党委办公室主任
,中共鹤岗市委党校法学教师
,党校法学教师
,市委党校法学教师
,加入中国共产党
,党委组织部(人力资源部)部长
,加入中国共产党
,纪委专职副书记
,党委宣传部副部长
,区委办公室副主任
,党委办秘书
,省委组织部考评中心副主任
,省委组织部考评中心副主任
,省委组织部考评中心主任
,加入中国共产党
,加入中国共产党
,加入中国共产党
,加入中国共产党
,机关党委办公室主任
,市委会常委
,共产党员
,加入中国共产党
,区委办公室主任
,区委办公室主任
,加入中国共产党
,省委宣传部宣传处干事
,省委宣传部文明办副主任
,党委办公室)总经理
,党委组织部（党委干部
,党委统战部）部长
,党委组织部（党委干部
,党委统战部）部长
,中共常州国家高新技术产业开发区党工委委员
,中共常州市新北区委副书记
,毕业于中共中央党校
,党委纪委办公室党务政工业务副经理
,党务政工业务副经理
,纪委办公室党务政工业务副经理
,党委办公室(工会办公室)主任
,加入中国共产党
,中共重庆市纪委驻市国资委纪检组办公室副主任
,纪委驻市国资委纪检组办公室副主任
,区委宣传干事
,加入中国共产党
,党委办公室副主任
,机关党委专职副书记
,纪委机关党委专职副书记
,省委巡视办副主任
,党委办公室主任
,党委办公室秘书
,党委办公室主任
,党委办公室主任
,党委办公室主任
,党委办公室)副主任
,党委办公室)主任
,党委办公室)综合室经理
,党委办公室和总裁办公室副主任
,加入中国共产党
,加入中国共产党
,加入中国共产党
,加入中国共产党
,加入中国共产党
,中央党校本科学历
,加入中国共产党
,加入中国共产党
,加入中国共产党
,加入中国共产党
,加入中国共产党
,加入中国共产党
,加入中国共产党
,党委(纪检)办公室副主任
,加入中国共产党
,党委组织部部长
,加入中国共产党
,党委组织部部长
,加入中国共产党
,纪委办主任
,共产党员
,加入中国共产党
,党委办公室主任
,党组纪检组驻中国华电科工集团有限公司纪检组工作
,中共江苏省委决策咨询委员
,省委决策咨询委员
,党总支部书记
,纪委驻省国资委纪检组副组长
,加入中国共产党
,加入中国共产党
,党组纪检组派驻华电科工纪检组组长
,党组纪检组组长
,党委组织部部长
,党委组织部部长
,共产党十八大全国党代表
,中央党校函授学院行政管理大学本科毕业
,党委宣传部宣传干事
,纪委驻中宣部纪检组副组长
,省委员
,中共安徽省委政法委员
,省委政法委员
,党委常务副书记
,机关党委正司级干部
,机关党委常务副书记
,纪委第三纪检监察室综合处副处长
,纪委第二纪检监察室二处处长
,毕业于中央党校
,纪委监察部机关办案人才库首批成员
,党代会党代表
,党委组织部部长
,党委组织部部长
,加入中国共产党
,市委宣传部副部长
,市委宣传部副部长
,加入中国共产党
,加入中国共产党
,加入中国共产党
,加入中国共产党
,党委办公室)副主任
,加入中国共产党
,党委办公室副主任
,党委办公室主任
,党委宣传部部长
,党委办公室主任
,党委组织部副部长
,加入中国共产党
,加入中国共产党
,党委宣传部部长
,党委组织部部长
,党委办公室)主任
,加入中国共产党
,纪委国家监委驻本行纪检监察组副组长
,党委办公室主任
,共产党中央纪律检查委员
,加入中国共产党
,党委组织部)副部长
,党委组织部)部长
,党组纪检组组长
,党委组织部部长
,中共中央党校一年制中青班学习
,毕业于中共中央党校
,党委宣传部副部长
,党委宣传部部长
,党委组织部部长
,党委办主任
,党委组织部)部长
,机关党委副司局级干部
,党组纪检组组长
,党委政治部副主任
,党群办副主任
,区委工业交通部干部
,党委组织部部长
,党委办公室主任
,共产党员
,省委驻江华县社教队副组长
,党组纪检组成员
,党委组织委员
,党校大学学历
,省委党校大学学历
,共产党员
,共产党员
,县委宣传部文明办干部
,党校党委书记
,县委党校党委书记
,中共建德市委常委
,中共杭州市委外宣办(新闻办)主任
,市委外宣办(新闻办)主任
,市委宣传部副部长
,毕业于北京市委党校
,毕业于北京市委
,省委宣传部文化事业处副处长
,党委组织部副主任
,纪委办公室主任
,纪委办公室主任
,党委(纪委)办公室)总经理
,纪委)办公室)总经理
,党委(纪委)办公室)副总经理
,纪委)办公室)副总经理
,加入中国共产党
,党群部副部长
,加入中国共产党
,加入中国共产党
,加入中国共产党
,党委组织部副部长
,中共黑龙江省鹤岗市委常委
,加入中国共产党
,加入中国共产党
,党委组织部副部长
,加入中国共产党
,党委组织部部长
,党委组织部部长
,党委办公室)主任
,党委办公室)主任
,中央党校函授学院经济管理专业
,党组巡视办主任
,党委宣传部部长
,加入中国共产党
,加入中国共产党
,市委法制委员
,加入中国共产党
,党委宣传部部长
,党委组织部部长
,党委组织部部长
,纪委办公室/监察部主任
,加入中国共产党
,党委组织部部长
,市委办公厅秘书
,党委办公室主任
,党委办公室主任
,党委组织部副部长
,共产党员
,省委联系的高级专家
,党委组织部部长
,党委组织部部长
,党办)副主任
,党办)主任
,党委组织部部长
,党委组织部部长
,党委联系的高级专家
,中共上海市普陀区委书记
,党委宣传部部长
,党委办公室)主任
,党群与纪检监察部(企业文化部)副部长
,党群与纪检监察部(企业文化部)副部长
,党群与纪检部(企业文化部)部长
,党委办公室主任
,党委办公室)主任
,党委宣传部(企业文化部)部长
,加入中国共产党
,党组巡视组副组长
,省委宣传部副秘书
,省委宣传部机关党委书记
,县委宣传部宣传干事
,党委组织部部长
,加入中国共产党
,党委组织部)部长
,党委组织部部长
,省委宣传部办公室副主任
,省委宣传部新闻处处长
,加入中国共产党
,党委的相关工作
,党校行政管理干部
,省委党校行政管理干部
,党委组织部部长
,党委组织部部长
,任职于南京农业大学党委
,党校(行政学校)校长
,党委办公室主任
,中共中国海洋石油总公司党校校长
,党委办公室主任
,党委办公室主任
,党群部副主任
,中共中国远洋海运集团有限公司党组纪检组副组长
,党组纪检组副组长
,中共中国海运(集团)总公司党校副校长
,中央党校函授学院经济管理学士学位
,中共辽宁省委党校工商行政管理硕士学位
,党校工商行政管理硕士学位
,省委党校工商行政管理硕士学位
,中共辽宁省委党校工商行政管理硕士学位
,党校工商行政管理硕士学位
,省委党校工商行政管理硕士学位
,中央党校法学硕士学位
,党委组织部部长
,党委组织部部长
,中央党校本科学历
,县委办公室主任
,共产党员
,中央党校本科学历
,党群与企业文化部部长
,区委办公室主任
,中共广东省委宣传部副处长
,省委宣传部副处长
,省委宣传部研究室副主任
,省委宣传部研究室主任
,省委宣传部副部长
,省委宣传部副部长
,省委宣传部副部长
,省委宣传部干事
,市委政法委书记
,党委办公室主任
,省委办公厅秘书
,县委统战部副部长
,毕业于中共
,毕业于中共通化市委党校
,毕业于中共通化市委
,党委组织部副部长
,党委组织部部长
,省委驻灌南扶贫工作
,毕业于中共
,毕业于中共吉林省委党校
,毕业于中共吉林省委
,市委学少部部长
,党委办公室主任
,纪委监察局纪委常委
,党工委常务副书记
,党委办公室主任
,省委青工部副部长
,党委办公室副主任
,加入中国共产党
,加入中国共产党
,纪委派驻省国土资源厅纪检组组长
,纪委省监委派驻省国土资源厅纪检监察组组长
,党委办公室主任
,党委办公室主任
,党委组织部副部长
,加入中国共产党
,加入中国共产党
,中共海南省委重点联系服务专家
,省委重点联系服务专家
,中共中国长江电力股份有限公司党校校长
,任职于海南省委党校
,任职于海南省委
,党校信息中心负责人
,省委党校信息中心负责人
,加入中国共产党
,加入中国共产党
,加入中国共产党
,中共北京市海淀区委副书记
,中共北京市海淀区委副书记
,党委组织部部长
,加入中国共产党
,中共盘山县委副书记
,加入中国共产党
,加入中国共产党
,加入中国共产党
,加入中国共产党
,党委办公室(信访办)主任
,加入中国共产党
,加入中国共产党
,加入中国共产党
,毕业于中共中央党校
,加入中国共产党
,党委组织部部长
,加入中国共产党
,毕业于中共
,毕业于中共党校
,团委代理书记
,党总支部书记
,加入中国共产党
,中共中央外宣办学术评审专家
,加入中国共产党
,纪委监察厅特邀监察员
,共产党新闻部主任
,共产党新闻部主任
,共产党新闻网主任
,市委挂职副秘书
,党委办公室主任
,党校经济管理专业
,省委党校经济管理专业
,中央党校经济管理专业
,中共四川省委省直机关党校工作
,省委省直机关党校工作
,市委组织部信息处副处长
,党委办主任
,纪委派驻市国资委纪检组副组长
,党务管理主管
,党委统战部部长
,县委办公室干事
,县委办公室综合科科长
,县委员
,机关党委办公室主任
,任职于景德镇团市委
,加入中国共产党
,党委办及调研室科长
,纪委办公室主任
,团委办公室副主任
,市委党校学习
,加入中国共产党
,党支部组织委员
,党委办公室副主任
,党委办公室主任
,党委办公室主任
,党委机要秘书
,共产党员
,党群部副部长
,共产党员
,中央党校在职硕士研究生
,团委统战部副部长
,党总支纪检委员
,毕业于中共
,毕业于中共山东省委党校
,毕业于中共山东省委
,共产党预备党员
,共产党员
,中共预备党员
,党群办主任
,区委组织部部长
,市委办公厅秘书
,党委办公室主任
,党委组织部部长
,纪委办主任
,纪委办主任
,书记(中共
,共产党员
,党委办公室秘书
,中央党校经济管理专业
,党委)办公室主任
,中共杭州市委党校经济管理教研室主任
,党校经济管理教研室主任
,市委党校经济管理教研室主任
,共产党员
,共产党员
,共产党员
,中共广东省委党校行政管理专业
,党校行政管理专业
,省委党校行政管理专业
,加入中国共产党
,党委办公室主任
,共产党员
,市委政研室秘书
,党校法学高级讲师
,县委党校法学高级讲师
,共产党员
,共产党员
,党校脱产学习
,省委党校脱产学习
,加入中国共产党
,共产党员
,共产党员
,市委员
,中共中央党校经济学部教授
,县委任办公室秘书
,共产党员
,党委机要秘书
,党校法学讲师
,党委组织部部长
,党校经济学专业
,市委党校经济学专业
,中共中央党校经济管理学专业
,党总支部副委员
,共产党员
,共产党员
,党总支部书记
,党校税务讲师
,中央党校经济管理专业
,中共合肥市第十次党代会代表
,市委党校教师
,党委办公室主任
,党群部副主任
,党群部主任
,党群部主任
,党群部主任
,党委常务副书记
,党委办公室秘书
,中共重庆市委党校经济管理教研室讲师
,党校经济管理教研室讲师
,市委党校经济管理教研室讲师
,中共西藏拉孜县委常委
,县委办公室主任
,党委办副主任
,共产党员
,中共南京市栖霞区第九届党代表
,中央党校政法部宪法行政法教研室主任
,中共中央党校法学教授
,党委宣传科科长
,市委政委任副科长
,纪委驻国防科工办纪检组任副组长
,党委办公室)副主任
,中央党校经济管理专业
,中共镇原县委副书记
,中央党校法学教研室教师
,省委企业工委组织部副处级干部
,省委企业工委组织部副部长
,加入中国共产党
,团委组织部部长
,毕业于中央党校
,党委组织部部长
,党校执行副校长
,党委组织部部长
,纪委监察部驻交通部纪检组监察局监察员
,县委办公室副主任
,党委办公室主任
,党办)副主任
,党办)主任
,区委党校助教
,团委办公室主任
,党支书兼证券事务代表
,市委经济委副主任
,共产党员
,市委宣传部部长
,党总支部副委员
,就职于无锡市利民瓷厂任副厂长(党委
,共产党员
,中共兴宁市径南镇委员
,委员会党委
,党委办公室秘书
,省委党校学习
,任职于南京农业大学党委
,中共上海市委研究室经济处副处长
,市委研究室经济处副处长
,加入中国共产党
,市委组织部副部长
,市委党校副校长
,市委组织部副部长
,市委党校副校长
,市委组织部副部长
,市委党校副校长
,市委组织部副部长
,市委党校副校长
,经理助理兼人力资源部(党组
,中央党校大学学历
,党组纪检组副组长
,党组纪检组副组长
,市委组织部企事业干部
,党支部专职副书记
,党委办公室主任
,党委办副主任
,党群部副主任
,党委组织处处长
,党总支部书记
,党总支部书记
,毕业于中共
,毕业于中共山东省委党校
,毕业于中共山东省委
,市委研究室主任
,共产党员
,党总支部书记
,省委党校研究生
,党委办公室主任
,纪委)部长
,党委组织部)副部长
,工作部(党委
,中共中国机械工业集团有限公司党校(国机大学)副校长
,党校(国机大学)副校长
,加入中国共产党
,加入中国共产党
,中央党校本科学历
,纪委省监委驻江西省水利厅纪检监察组组长
,省委宣传部纪检监察组组长
,纪委省监委驻江西省委宣传部纪检监察组组长
,中共预备党员
,党群部副部长
,区委市政市容工委委员
,中共株洲县委常委
,中共株洲县委常委
,中共株洲县委常委
,加入中国共产党
,省委党校研究生
,纪委综合室主任
,区委统战部副部长
,党委组织部副部长
,党委办公室主任
,加入中国共产党
,党总支部书记
,党总支部书记
,党委办公室副主任
,党委办公室主任
,党委办公室主任
,党委组织部部长
,加入中国共产党
,加入中国共产党
,省委党校研究生
,省委党校研究生
,纪委综合监督室主任
,共产党员
,党委组织部)主任
,加入中国共产党
,加入中国共产党
,加入中国共产党
,支部(广州)党支部书记
,支部(广州)党支部书记
,支部(广州)党支部书记
,支部(广州)党支部书记
,市委组织部副部长
,党组组织部副部长
,区委会委员
,工作于重庆教育学院党委
,党委组织部副部长
,加入中国共产党
,工作于深圳团市委
,工作于深圳市委
,加入中国共产党
,加入中国共产党
,加入中国共产党
,加入中国共产党
,党委宣传部部长
,党委办公室主任
,党委办公室主任
,党委组织部副部长
,党委办公室主任
,党组办公室主任
,共产党员
,党组统战部副部长
,党组统战部副部长
,加入中国共产党
,加入中国共产党
,党委组织部干部
,中共预备党员
,中共预备党员
,加入中国共产党
,县委组织部干事
,县委组织部部长
,加入中国共产党
,中共云南省委第七巡视组组长
,省委第七巡视组组长
,党校第9期干部
,中共市委党校第9期干部
,市委组织部工作
,省委宣传部副部长
,省委网络办主任
,纪委驻新华社纪检组社监察局机关纪委干部
,加入中国共产党
,加入中国共产党
,加入中国共产党
,党委办公室副主任
,党委办公室副主任
,党委办公室主任
,市委办公室主任
,党委办副主任
,加入中国共产党
,中共珠海市委副秘书
,市委农办副主任
,中共珠海市社工协党委书记
,党委筹建组组长
,加入中国共产党
,中共德化县委对台部县政协常委
,县委对台部县政协常委
,党委办公室主任
,党委专职副书记
,党委组织部部长
,纪委综合办主任
,党委巡察办常务副主任
,党组纪检组长
,党组纪检组组长
,党委纪委委员
,党群工作部
,团委)副主任
,党校大学学历
,省委党校大学学历
,党委筹备组副组长
,中共十六大代表
,党校企管课教师
,省委政策研究室)工作
,区委办公室副主任
,党委办公室主任
,党委宣传部部长
,党委组织部部长
,机关党委统战委员
,中共合肥市委副秘书
,市委办公厅主任
,区委办主任
,党委专职副书记
,中共安镇街道办事处党工委委员
,党政办公室主任
,中共锡山区东港镇党委副书记
,党委办副主任
,党委办公室主任
,中共华西证券股份有限公司党委书记
,区委办公室综合科科长
,区委办公室改革办专职副主任
,党群办公室主任
,党群办公室主任
,就职于中共上海市委
,中共杭州华星创业通信技术股份有限公司党总支书记
,中共浙江省委宣传部干部
,省委宣传部干部
,就职于浙江省委
,就职于浙江省委
,党委办公室主任
,共产党员
,中共南通市注册会计师行业党委副书记
,中共新希望集团党委党委委员
,党委党委委员
,共产党员
,加入中国共产党
,中共南通市注册会计师行业党委副书记
,中共中央党校经济学(经济管理)专业
,中共广东顶固集创家居股份有限公司第二党支部书记
