0,1,2,3
"""5f656df1ade9005a1ec9c3c6""",谢永林,谢永林(平安集团公司董事总经理兼联席CEO),https://baike.baidu.com/item/%E8%B0%A2%E6%B0%B8%E6%9E%97/13835845
"""5f656df2ade9005a1ec9c40c""",项有志,项有志(平安银行执行董事),https://baike.baidu.com/item/%E9%A1%B9%E6%9C%89%E5%BF%97/53418645
"""5f656df2ade9005a1ec9c416""",蔡方方,蔡方方(平安银行非执行董事),https://baike.baidu.com/item/%E8%94%A1%E6%96%B9%E6%96%B9/53418655
"""5f656df2ade9005a1ec9c421""",姚波,姚波(平安银行非执行董事),https://baike.baidu.com/item/%E5%A7%9A%E6%B3%A2/53393222
"""5f656df2ade9005a1ec9c42c""",叶素兰,叶素兰(平安银行非执行董事),https://baike.baidu.com/item/%E5%8F%B6%E7%B4%A0%E5%85%B0/53418663
"""5f656df2ade9005a1ec9c436""",陈心颖,陈心颖,https://baike.baidu.com/item/%E9%99%88%E5%BF%83%E9%A2%96
"""5f656df2ade9005a1ec9c44a""",蔡洪滨,蔡洪滨(平安银行独立董事),https://baike.baidu.com/item/%E8%94%A1%E6%B4%AA%E6%BB%A8/53418682
"""5f656df2ade9005a1ec9c454""",杨如生,杨如生(平安银行独立董事),https://baike.baidu.com/item/%E6%9D%A8%E5%A6%82%E7%94%9F/53418775
"""5f656df2ade9005a1ec9c45f""",郭田勇,郭田勇(平安银行独立董事),https://baike.baidu.com/item/%E9%83%AD%E7%94%B0%E5%8B%87/53418811
"""5f656df2ade9005a1ec9c469""",杨军,杨军(平安银行独立董事),https://baike.baidu.com/item/%E6%9D%A8%E5%86%9B/53393227
